username,first,last,gender,dob,country,color,fruits,os,shell,permission
tf9791,treya,feldstein,f,may 11 1992,albania,web_purple,cherries,windows,/bin/tcsh,update
am5524,antonin,murga,m,october 20 1998,poland,dark_slate_blue,cantaloupe,mac,/bin/bash,insert
jl7014,jaelyn,lule,f,july 29 1993,germany,steel_blue,watermelon,windows,/bin/bash,drop
le6920,lydian,erisman,f,july 5 1988,guyana,cornflower_blue,limes,windows,/bin/tcsh,drop
bm9749,baldomero,marvel,m,june 30 1990,portugal,azure,blackberries,mac,/bin/tcsh,drop
el7634,exodus,lappe,m,october 22 1987,burundi,alice_blue,lemons,windows,/bin/tcsh,select
rv7691,reid,vandenberg,f,october 11 1989,turkey,aquamarine,strawberries,windows,/bin/ksh,execute
dp3767,delilah,perezcruz,f,november 23 1988,kenya,aquamarine,bananas,mac,/bin/bash,select
gc2142,gianno,callihan,m,february 5 1985,bangladesh,brown,watermelon,windows,/bin/ksh,update
mv3817,mouctar,vigeant,m,march 22 1985,cyprus,crimson,lemons,mac,/bin/csh,create
cj5995,cambridge,jungers,f,march 27 1985,kenya,mint_cream,blueberries,mac,/bin/ksh,drop
cb9579,chrissy,brodbeck,f,january 18 1987,guyana,yellow_green,blueberries,windows,/bin/bash,delete
ks8827,kalem,stlouis,m,june 1 1992,barbados,wheat,blueberries,mac,/bin/csh,create
ns5093,norie,spurling,f,december 8 1986,hong_kong,azure,cantaloupe,mac,/bin/csh,select
jp8557,jiho,pressnell,m,october 11 1988,chad,royal_blue,pineapple,mac,/bin/tcsh,delete
ic6794,icarus,costantino,m,july 6 1998,el_salvador,gray,apples,windows,/bin/tcsh,execute
ea2362,ellianne,anna,f,may 21 1997,trinidad_and_tobago,yellow_green,oranges,mac,/bin/tcsh,drop
eb5255,eisla,bousman,f,april 16 1994,georgia,sky_blue,pears,mac,/bin/csh,drop
an2360,arcangel,nevills,m,september 23 1990,serbia,dim_gray,raspberries,windows,/bin/bash,update
va5205,vallentina,artman,f,march 1 1990,israel,blue,blackberries,windows,/bin/csh,insert
pg5187,praise,gilder,f,june 22 1985,barbados,sea_green,apples,mac,/bin/tcsh,insert
nt3830,novalee,tash,f,march 18 1985,albania,white_smoke,nectarines,mac,/bin/bash,update
zs6875,zavior,shunk,m,october 23 1989,kenya,medium_orchid,blackberries,windows,/bin/csh,create
dk9495,dallyn,knebel,m,april 9 1992,the_gambia,light_blue,nectarines,windows,/bin/csh,select
zm7773,zora,moses,f,january 18 1986,indonesia,orange_red,cantaloupe,windows,/bin/csh,insert
nb3160,najib,baten,m,may 4 1988,uganda,light_yellow,blueberries,mac,/bin/csh,update
aa3635,adena,adragna,f,december 29 1986,fiji,green_yellow,peaches,windows,/bin/ksh,select
bt8360,brayner,tull,m,october 24 1998,malaysia,orchid,lemons,windows,/bin/csh,create
gq1857,giada,qu,f,december 3 1994,cayman_islands,light_salmon,strawberries,windows,/bin/csh,delete
dm1994,deshawn,matheson,m,october 2 1998,ivory_coast,tomato,watermelon,mac,/bin/ksh,create
ks7766,kyere,solley,m,september 26 1991,switzerland,lime_green,plums,mac,/bin/ksh,all
cj4826,cova,jenkins,f,september 22 1987,peru,hot_pink,bananas,mac,/bin/ksh,delete
ss7796,sameya,selk,f,february 17 1995,australia,thistle,mangoes,mac,/bin/csh,select
rb5821,riyaz,burd,m,april 1 1991,san_marino,green_yellow,grapes,mac,/bin/tcsh,update
jl8034,jehu,lagreca,m,september 19 1989,estonia,light_yellow,raspberries,mac,/bin/csh,select
os7312,odera,stasko,m,december 5 1985,turkey,saddle_brown,strawberries,windows,/bin/ksh,update
ev9375,eston,vanderford,m,january 18 1985,slovenia,medium_turquoise,strawberries,windows,/bin/tcsh,drop
kh6525,keerat,hashem,f,december 10 1990,czech_republic,lemon_chiffon,cantaloupe,mac,/bin/tcsh,drop
bc6408,bryton,chaffee,m,september 17 1991,luxembourg,coral,peaches,mac,/bin/csh,insert
am4516,alon,mahony,m,january 5 1996,denmark,beige,plums,mac,/bin/tcsh,delete
ll4733,lonzo,langan,m,september 13 1993,cyprus,ivory,apples,windows,/bin/csh,update
lc3973,leif,chapdelaine,m,march 12 1986,pakistan,peru,lemons,windows,/bin/csh,all
mk6202,mohammed,keech,m,january 8 1997,jamaica,lavender,mangoes,mac,/bin/csh,delete
em6342,eilidh,malmgren,f,march 6 1995,cuba,peach_puff,blueberries,windows,/bin/csh,update
mv5713,milarose,villasenor,f,july 13 1990,ukraine,dark_sea_green,cherries,mac,/bin/tcsh,update
cr3435,carlie,rivas,f,october 23 1986,belarus,dark_blue,apples,mac,/bin/ksh,delete
et8468,elley,tretter,f,march 16 1991,australia,royal_blue,lemons,mac,/bin/csh,drop
kd3981,kamiera,didomenico,f,february 23 1997,bangladesh,light_slate_gray,blueberries,windows,/bin/bash,all
nc6544,nada,chumbley,f,march 19 1998,south_africa,dark_blue,blueberries,mac,/bin/tcsh,select
lo3607,lihan,ormsby,m,may 2 1985,slovenia,light_gray,cherries,mac,/bin/ksh,execute
ss8206,shakiya,schoon,f,august 19 1997,argentina,light_blue,nectarines,windows,/bin/ksh,all
vl2872,virgilio,lucus,m,february 19 1997,egypt,dark_green,blueberries,mac,/bin/csh,insert
rt2369,radwa,thorp,f,october 17 1986,dominican_republic,saddle_brown,grapes,windows,/bin/ksh,all
am1972,aemon,myler,m,july 4 1985,ghana,plum,blackberries,windows,/bin/tcsh,drop
ed8025,elizabethgrace,dandridge,f,december 17 1998,jamaica,web_green,limes,mac,/bin/csh,select
sv1580,sharla,vanderlaan,f,march 23 1985,niger,ivory,nectarines,mac,/bin/ksh,select
lh1684,loujain,hampton,f,february 19 1991,zambia,slate_gray,pears,windows,/bin/tcsh,select
sk3475,siddarth,kirk,m,june 5 1991,thailand,dark_slate_gray,blackberries,windows,/bin/ksh,delete
tz6647,tayvien,zubiate,m,march 19 1996,slovenia,white_smoke,pineapple,windows,/bin/tcsh,update
yr3940,yuvansh,rhodes,m,september 27 1986,philippines,lavender,limes,mac,/bin/csh,execute
sd8565,suki,defoe,f,november 13 1985,south_africa,rosy_brown,strawberries,mac,/bin/bash,update
sl5113,saylem,lamantia,f,june 28 1996,venezuela,medium_turquoise,blueberries,mac,/bin/ksh,delete
to1764,tatumn,oxley,f,january 6 1999,qatar,moccasin,pineapple,windows,/bin/csh,insert
za5138,zemora,allers,f,november 19 1992,algeria,medium_spring_green,blueberries,mac,/bin/csh,update
as6087,adea,silguero,f,august 5 1997,france,magenta,grapes,mac,/bin/bash,select
tm8970,theseus,markert,m,april 8 1987,tanzania,honeydew,lemons,windows,/bin/csh,drop
em4452,ezeriah,mcfaul,m,july 22 1985,chile,violet,strawberries,mac,/bin/csh,update
jf5481,jenae,frigo,f,april 25 1996,austria,dark_magenta,lemons,mac,/bin/bash,execute
ct6118,chapel,trinkle,f,october 23 1987,kazakhstan,snow,apples,mac,/bin/ksh,all
bf5858,blayklee,fortson,f,april 25 1994,nigeria,thistle,lemons,mac,/bin/ksh,insert
kh2178,keyani,hawker,f,january 5 1998,latvia,yellow,pineapple,windows,/bin/csh,execute
ke9809,kazlynn,echeverri,f,november 17 1994,bangladesh,red,grapes,windows,/bin/tcsh,drop
rb5445,ruxin,battersby,m,august 15 1990,australia,dark_blue,apples,windows,/bin/tcsh,all
ms7182,meleana,si,f,september 29 1998,cayman_islands,dark_goldenrod,nectarines,windows,/bin/tcsh,update
jg3898,jossie,guarneri,f,march 7 1994,namibia,turquoise,grapes,windows,/bin/ksh,execute
kl3594,kaisleigh,lies,f,october 12 1992,liberia,medium_purple,oranges,mac,/bin/tcsh,select
hh6197,halsey,hinton,f,march 13 1998,the_gambia,slate_gray,mangoes,windows,/bin/csh,drop
ss9474,shreenika,steppe,f,may 21 1992,iceland,dark_orchid,cherries,mac,/bin/csh,update
mh7503,malini,hanney,f,march 18 1995,ghana,navy_blue,cantaloupe,windows,/bin/ksh,all
ll8602,liliann,lapierre,f,june 25 1990,grenada,hot_pink,watermelon,windows,/bin/bash,drop
tm7987,taeden,moen,m,march 9 1993,ivory_coast,magenta,nectarines,mac,/bin/ksh,update
zf2650,zan,fierros,m,may 2 1987,hungary,aqua,cherries,windows,/bin/ksh,update
ns1882,nadeem,seraphin,m,april 18 1990,finland,floral_white,blackberries,windows,/bin/csh,execute
tb7808,tahirah,betty,f,september 2 1994,india,gainsboro,peaches,mac,/bin/tcsh,all
vb5546,verity,beaver,f,july 14 1988,australia,orange,watermelon,windows,/bin/tcsh,select
bl4095,baer,lafontaine,m,august 20 1988,serbia,pink,grapes,mac,/bin/tcsh,create
og8110,ozwald,guenthner,m,june 8 1991,kazakhstan,dark_slate_blue,pears,windows,/bin/bash,update
fr7797,forrest,regalado,f,december 14 1986,djibouti,goldenrod,bananas,mac,/bin/csh,delete
db6636,dymir,barg,m,march 27 1998,guatemala,green,avocados,mac,/bin/tcsh,select
ms4068,makda,schrupp,f,september 9 1999,india,dark_cyan,apples,mac,/bin/bash,insert
tc1253,taysom,chapple,m,november 11 1986,thailand,dark_red,raspberries,windows,/bin/csh,drop
js9661,jaxon,schrom,f,february 26 1993,ukraine,misty_rose,apples,windows,/bin/ksh,delete
af4119,alesandra,faraci,f,august 11 1992,uganda,lavender,mangoes,windows,/bin/tcsh,insert
sa1179,sayvon,askin,m,december 6 1988,qatar,green,cantaloupe,windows,/bin/csh,delete
dl4957,dawson,letts,f,april 6 1990,guatemala,teal,lemons,mac,/bin/tcsh,insert
rl6393,rashaud,layfield,m,may 21 1998,norway,light_sea_green,watermelon,windows,/bin/bash,all
bc3476,bohden,cashion,m,july 2 1994,france,thistle,cherries,mac,/bin/csh,create
fy2002,ford,yorke,m,july 19 1991,new_zealand,moccasin,grapes,windows,/bin/ksh,execute
ac9338,adrin,colocho,m,january 25 1989,cyprus,slate_blue,pears,mac,/bin/ksh,drop
hf5732,hadlie,fockler,f,october 30 1990,cyprus,medium_turquoise,plums,windows,/bin/tcsh,select
kv6228,kayn,vallejos,m,april 17 1988,thailand,dark_cyan,pineapple,windows,/bin/csh,execute
jl7685,jhenae,lutes,f,december 17 1989,united_states,medium_violet_red,mangoes,mac,/bin/bash,insert
yn1604,yuritzi,nina,f,december 24 1994,eritrea,lime,plums,mac,/bin/bash,create
ss7780,saralynn,sowden,f,october 3 1988,uganda,light_goldenrod,grapes,windows,/bin/ksh,all
jt1679,jadah,teasdale,f,april 21 1994,bosnia_and_herzegovina,gray,blueberries,mac,/bin/ksh,update
jm3556,jahlani,mitchener,m,december 12 1992,philippines,web_maroon,pears,mac,/bin/csh,create
ki6369,kisha,ing,f,october 3 1990,ecuador,orchid,pears,windows,/bin/tcsh,create
tm4557,tauriel,mack,f,april 8 1999,france,aquamarine,strawberries,windows,/bin/tcsh,all
aa7682,aubrii,albarracin,f,september 29 1989,mexico,navy_blue,oranges,mac,/bin/csh,all
tm2962,teylie,mccord,f,april 3 1999,sweden,tomato,nectarines,windows,/bin/tcsh,update
ir8210,ilaya,rideaux,f,september 17 1994,lithuania,teal,blackberries,mac,/bin/bash,insert
fg5156,franklyn,gebhart,m,august 28 1990,luxembourg,aqua,strawberries,mac,/bin/ksh,select
ms2774,mariafernanda,sinegal,f,march 18 1994,ghana,thistle,grapes,windows,/bin/tcsh,execute
jn2101,josedavid,northrup,m,july 3 1998,uzbekistan,slate_gray,watermelon,windows,/bin/tcsh,delete
kr8435,kenard,rigney,m,october 7 1993,georgia,cadet_blue,pineapple,mac,/bin/bash,create
rl2723,ruweyda,landry,f,april 5 1989,luxembourg,pale_green,pineapple,mac,/bin/bash,delete
md1531,marlee,downen,f,august 21 1985,israel,rebecca_purple,blueberries,mac,/bin/csh,insert
mw6233,markos,waltz,m,july 19 1986,zambia,aqua,cantaloupe,windows,/bin/csh,all
mm4410,masina,mullin,f,november 7 1997,uganda,salmon,blueberries,windows,/bin/ksh,create
dl5318,donta,lankford,m,june 3 1989,singapore,rosy_brown,peaches,mac,/bin/ksh,all
sk3136,sidney,kornacki,f,april 25 1996,mongolia,web_purple,oranges,windows,/bin/csh,insert
jh8011,jaxen,honer,m,december 20 1985,guatemala,dark_slate_gray,cantaloupe,windows,/bin/ksh,create
cm5476,cereza,mcray,f,july 13 1997,north_korea,slate_blue,cherries,mac,/bin/csh,update
ha6596,holliday,alameda,f,october 15 1997,grenada,medium_purple,lemons,windows,/bin/csh,insert
em4039,eiley,mangin,f,june 13 1999,israel,navy_blue,plums,mac,/bin/tcsh,execute
cl4679,caston,luthi,m,march 12 1995,iceland,ghost_white,plums,mac,/bin/ksh,select
yh8507,yidel,heal,m,january 28 1987,iceland,peru,avocados,mac,/bin/ksh,execute
kd2819,kaylani,darbonne,f,february 5 1998,canada,linen,plums,windows,/bin/ksh,insert
ks8741,kelby,saez,f,june 8 1990,mongolia,misty_rose,strawberries,windows,/bin/ksh,all
ah6921,akyra,haverty,f,april 9 1997,albania,coral,cherries,mac,/bin/tcsh,all
kh8580,killian,huston,f,january 12 1986,pakistan,blanched_almond,blackberries,windows,/bin/ksh,update
mm2453,mohamedali,marquina,m,october 21 1993,norway,crimson,limes,windows,/bin/bash,execute
bl4506,brinlyn,lally,f,april 4 1998,lithuania,magenta,pears,mac,/bin/ksh,all
ab6682,amarachukwu,bader,f,august 3 1986,cuba,light_pink,blueberries,mac,/bin/ksh,execute
sw1627,shannon,williamson,f,june 9 1997,kenya,forest_green,plums,mac,/bin/tcsh,create
ew4782,elan,wyche,m,october 27 1988,australia,dark_magenta,lemons,mac,/bin/bash,select
kg6895,kiyanne,graney,f,june 14 1993,ethiopia,dark_blue,watermelon,mac,/bin/csh,all
sl1103,starlett,lykes,f,march 22 1993,niger,web_purple,apples,mac,/bin/ksh,create
hc2715,harpergrace,creed,f,january 17 1990,ivory_coast,dark_red,mangoes,windows,/bin/csh,delete
dr4246,delrico,raghavan,m,july 14 1985,burundi,dodger_blue,nectarines,mac,/bin/csh,create
lb6537,laasya,bearden,f,september 6 1991,tanzania,peru,watermelon,windows,/bin/bash,update
iv1937,indira,vail,f,february 24 1991,algeria,lime,cherries,mac,/bin/csh,insert
kr5440,kinari,rash,f,november 27 1986,algeria,turquoise,bananas,windows,/bin/bash,all
cv6864,chessa,vallery,f,october 29 1994,ukraine,steel_blue,blueberries,mac,/bin/bash,execute
kv9368,kartell,vlach,m,april 15 1995,romania,red,oranges,windows,/bin/bash,update
ac6862,abiah,chand,f,april 30 1997,australia,dark_salmon,blueberries,windows,/bin/csh,all
kd1687,kanari,dwyer,f,january 15 1987,netherlands,teal,oranges,windows,/bin/bash,delete
gf9088,gaetano,frain,m,november 18 1992,hungary,sandy_brown,avocados,mac,/bin/bash,execute
ob1677,oaklea,brobst,f,june 7 1989,burkina_faso,dark_green,mangoes,mac,/bin/ksh,insert
lc1719,lucianna,conn,f,august 14 1990,azerbaijan,blue_violet,lemons,windows,/bin/ksh,insert
rl4950,raeden,ludden,m,august 5 1990,brazil,pale_green,limes,windows,/bin/tcsh,insert
hm4613,hinsley,massman,f,june 6 1998,indonesia,light_green,bananas,windows,/bin/ksh,drop
pn6476,pasleigh,nilsson,f,december 23 1990,puerto_rico,light_green,pineapple,mac,/bin/bash,create
bi7595,brogan,ivery,m,december 14 1996,austria,light_slate_gray,bananas,windows,/bin/ksh,update
eh8754,elisheba,heller,f,september 4 1986,denmark,light_blue,bananas,windows,/bin/csh,select
ch5588,cherokee,hepworth,f,february 29 1987,south_africa,ivory,oranges,windows,/bin/csh,drop
la3575,lillionna,ace,f,january 1 1999,liechtenstein,navajo_white,pineapple,mac,/bin/ksh,execute
ja2835,jannat,astor,f,february 19 1997,jamaica,hot_pink,avocados,mac,/bin/bash,insert
ss4971,stellarose,sigel,f,june 17 1987,liechtenstein,salmon,pears,mac,/bin/ksh,create
da9768,dawayne,arterburn,m,september 11 1991,burkina_faso,light_goldenrod,pineapple,mac,/bin/bash,create
dt8561,dishan,tringali,m,september 27 1998,thailand,medium_spring_green,cherries,windows,/bin/bash,update
bt2828,bayan,tauer,m,september 16 1993,china,bisque,blackberries,mac,/bin/tcsh,create
mg3709,marlay,gilmer,f,august 30 1993,latvia,cyan,grapes,mac,/bin/tcsh,create
rt9302,reynolds,thrush,m,march 20 1986,belarus,forest_green,lemons,mac,/bin/tcsh,delete
lp5316,leilanirose,perezramirez,f,october 27 1998,russia,pale_goldenrod,pineapple,windows,/bin/csh,update
bp3927,brandy,padilla,f,april 1 1986,ireland,honeydew,limes,mac,/bin/bash,drop
ah7642,aaryansh,hase,m,september 7 1997,mongolia,fuchsia,mangoes,mac,/bin/tcsh,update
mk4752,myshawn,krentz,m,december 26 1989,venezuela,blue_violet,cantaloupe,mac,/bin/tcsh,select
ab1508,amani,bosquez,m,november 12 1994,latvia,web_gray,pineapple,windows,/bin/ksh,insert
tp9251,tadgh,pieri,m,february 12 1987,tanzania,cadet_blue,plums,mac,/bin/ksh,insert
ck6631,collier,knaack,f,may 23 1988,portugal,magenta,blackberries,windows,/bin/ksh,delete
cw7998,clarkson,wyles,m,october 6 1997,costa_rica,aqua,pineapple,windows,/bin/tcsh,create
mf3077,mato,fenster,m,january 21 1998,singapore,light_salmon,raspberries,windows,/bin/bash,create
gn9032,gwendolynn,nowak,f,february 16 1998,luxembourg,peru,pears,mac,/bin/ksh,select
bh9024,brooklee,hunnicutt,f,december 8 1988,rwanda,medium_spring_green,pears,windows,/bin/tcsh,update
hc7272,haneen,cadavid,f,april 29 1988,grenada,plum,pears,mac,/bin/ksh,create
te4601,tylin,eversole,f,october 10 1985,guyana,misty_rose,grapes,windows,/bin/tcsh,update
kh8554,kaylanee,houts,f,august 14 1993,north_korea,crimson,strawberries,mac,/bin/csh,select
ea9706,evalynn,alterman,f,march 10 1990,botswana,dark_orange,apples,mac,/bin/ksh,delete
ss5147,steeley,soper,f,february 27 1986,angola,medium_orchid,peaches,windows,/bin/csh,execute
ar1234,ayse,ryals,f,january 26 1985,the_gambia,dark_gray,watermelon,mac,/bin/csh,create
kl4372,kairan,leal,m,may 23 1997,philippines,slate_blue,nectarines,mac,/bin/csh,delete
sb2070,shaniah,bommarito,f,june 9 1995,chinese_taipei,medium_sea_green,avocados,windows,/bin/ksh,update
hl4334,hollyn,littler,f,february 4 1985,india,peru,cherries,mac,/bin/ksh,drop
uw8224,urban,wagers,m,may 8 1988,china,antique_white,pineapple,windows,/bin/bash,create
sh1812,solana,hayse,f,june 3 1987,belarus,dark_gray,grapes,mac,/bin/tcsh,all
nt6672,nabeel,topete,m,july 8 1998,azerbaijan,antique_white,cantaloupe,mac,/bin/bash,execute
as6776,allen,stumph,f,june 7 1992,samoa,red,watermelon,windows,/bin/ksh,select
kb9072,kashden,beamish,m,april 11 1999,san_marino,saddle_brown,lemons,mac,/bin/tcsh,create
tb7113,tai,boy,m,november 5 1996,chad,dark_slate_blue,strawberries,mac,/bin/csh,insert
ep2733,emanuelle,phinney,f,april 9 1987,latvia,salmon,blueberries,mac,/bin/csh,create
sw1503,star,wilcoxson,f,september 23 1991,germany,honeydew,apples,mac,/bin/ksh,drop
tb5419,taylan,boyer,m,march 30 1991,germany,dark_salmon,blueberries,mac,/bin/bash,create
te5716,taimane,eatmon,f,october 14 1997,croatia,blue,avocados,windows,/bin/ksh,drop
km8070,kelsei,marciniak,f,december 4 1998,san_marino,gray,cantaloupe,mac,/bin/csh,delete
vm6157,varna,minson,f,february 10 1996,luxembourg,light_sea_green,plums,windows,/bin/bash,all
ao3126,aletha,ogata,f,january 6 1996,ukraine,brown,watermelon,windows,/bin/tcsh,execute
sn2906,shantall,narciso,f,september 21 1998,eritrea,old_lace,limes,mac,/bin/tcsh,create
it7859,iviana,truman,f,october 16 1995,indonesia,snow,pineapple,mac,/bin/csh,delete
lo9172,lelah,osmond,f,august 6 1996,canada,gainsboro,peaches,windows,/bin/ksh,insert
rb1199,ryliee,bohan,f,september 19 1994,great_britain,crimson,nectarines,mac,/bin/bash,drop
lb9793,lakiyah,balcazar,f,june 16 1995,kuwait,bisque,pears,mac,/bin/tcsh,all
es7883,eastin,sims,m,november 16 1987,niger,khaki,lemons,windows,/bin/tcsh,drop
lh3746,leiyah,harjo,f,october 29 1991,indonesia,chartreuse,lemons,windows,/bin/tcsh,insert
st2519,strider,ton,m,november 21 1992,bahamas,ivory,peaches,windows,/bin/csh,delete
nf9406,neriyah,fenstermacher,f,february 12 1994,costa_rica,medium_slate_blue,avocados,windows,/bin/ksh,create
mb7025,munachi,barker,f,december 20 1989,niger,lavender_blush,pineapple,windows,/bin/ksh,select
av6278,amyrical,vaillancourt,f,august 1 1993,india,gray,grapes,windows,/bin/bash,create
nw8452,nara,willett,f,october 12 1985,el_salvador,hot_pink,strawberries,mac,/bin/csh,delete
oa8662,orlagh,auguste,f,may 13 1997,south_korea,crimson,bananas,windows,/bin/csh,execute
zr2147,ziyanna,ryles,f,june 30 1985,sao_tome_and_principe,indian_red,strawberries,windows,/bin/ksh,all
bp1527,bronson,pingree,m,october 10 1990,italy,slate_blue,lemons,windows,/bin/csh,delete
kc5342,kaslyn,cresswell,f,november 8 1991,united_states,light_steel_blue,nectarines,windows,/bin/tcsh,delete
fk8562,flavia,klingman,f,december 14 1999,el_salvador,medium_aquamarine,lemons,mac,/bin/ksh,delete
sw9187,sutton,whitehurst,m,may 27 1988,chile,forest_green,nectarines,windows,/bin/csh,delete
ac9610,adalai,corcoran,f,april 16 1986,india,spring_green,cantaloupe,mac,/bin/ksh,execute
cs4506,caden,scranton,m,march 2 1993,san_marino,medium_turquoise,pears,windows,/bin/csh,delete
bp9632,bless,parlier,f,june 25 1990,estonia,azure,mangoes,windows,/bin/csh,delete
mz5274,marilla,zuber,f,january 4 1988,dominican_republic,green_yellow,cantaloupe,mac,/bin/csh,drop
ad8840,adilene,doescher,f,june 12 1987,hungary,pink,lemons,mac,/bin/bash,execute
ai6787,aislee,ibrahim,f,march 22 1994,georgia,web_gray,pineapple,mac,/bin/csh,update
km2044,kawsar,morefield,f,april 19 1985,finland,lawn_green,limes,windows,/bin/csh,drop
ea1764,elios,albornoz,m,september 4 1994,albania,light_steel_blue,pears,windows,/bin/bash,insert
jj8406,jeremiyah,jacobo,m,april 25 1988,cyprus,indigo,grapes,mac,/bin/tcsh,update
jg1832,jane,goodsell,f,june 19 1993,bahamas,medium_spring_green,lemons,windows,/bin/tcsh,delete
lb3434,latoya,bolar,f,december 20 1992,canada,cadet_blue,strawberries,windows,/bin/tcsh,all
pp7804,penn,piedra,f,september 4 1991,belarus,orchid,bananas,mac,/bin/ksh,execute
mw8680,mirra,wigley,f,january 4 1998,norway,pale_violet_red,pineapple,windows,/bin/csh,execute
dd1414,donte,dogan,m,november 26 1988,netherlands,maroon,mangoes,windows,/bin/ksh,select
tp6211,taren,parfait,m,july 19 1992,bahrain,red,blackberries,windows,/bin/bash,update
af6595,adylen,faries,f,december 16 1987,slovakia,silver,strawberries,mac,/bin/tcsh,delete
of2579,oluwatoni,facio,f,august 19 1990,azerbaijan,teal,blackberries,windows,/bin/csh,drop
vr3039,venice,rao,f,december 20 1985,colombia,peach_puff,apples,mac,/bin/bash,delete
kd6627,kacion,danielsen,m,december 21 1990,azerbaijan,cadet_blue,cherries,mac,/bin/bash,drop
kt1171,kami,traverso,f,august 24 1996,thailand,plum,grapes,mac,/bin/ksh,select
ac6547,abriana,charters,f,june 9 1990,united_states,light_salmon,plums,mac,/bin/csh,delete
kh3231,kennie,havlik,f,may 14 1988,poland,dark_turquoise,watermelon,mac,/bin/bash,insert
rc1599,rebel,check,m,february 16 1992,ecuador,dark_salmon,blueberries,windows,/bin/tcsh,insert
ac2721,anil,coonce,m,august 10 1999,germany,floral_white,raspberries,mac,/bin/tcsh,update
jy1101,javarious,yeats,m,july 6 1987,denmark,dark_goldenrod,nectarines,mac,/bin/tcsh,delete
tb4082,taelin,belter,f,may 30 1985,samoa,peru,pineapple,mac,/bin/tcsh,all
kb9704,kaileah,blumer,f,may 7 1987,rwanda,ghost_white,grapes,windows,/bin/ksh,insert
aw4970,arjun,winters,m,may 23 1994,serbia,wheat,plums,mac,/bin/ksh,drop
sf9958,sabian,first,m,july 5 1987,guatemala,seashell,lemons,windows,/bin/csh,update
ca1461,cylas,arai,m,february 9 1995,moldova,web_gray,apples,windows,/bin/ksh,all
lt1642,levana,tow,f,august 15 1986,vietnam,mint_cream,oranges,mac,/bin/ksh,select
ks6718,kadidja,silveria,f,july 20 1986,new_zealand,lemon_chiffon,avocados,mac,/bin/csh,all
ad5851,awad,dorsey,m,february 20 1988,liberia,dark_goldenrod,bananas,windows,/bin/ksh,insert
ka8900,kashdon,angeles,m,december 2 1994,cuba,steel_blue,nectarines,windows,/bin/csh,insert
bs8741,bryshon,sager,m,august 20 1998,azerbaijan,indian_red,grapes,windows,/bin/bash,insert
bs2855,boone,stoughton,m,december 8 1987,belgium,lemon_chiffon,grapes,mac,/bin/tcsh,all
rb3827,raiyan,brailsford,m,november 1 1987,italy,lavender_blush,strawberries,windows,/bin/ksh,update
cd3781,codie,drolet,m,february 6 1989,liechtenstein,beige,nectarines,windows,/bin/bash,drop
yb2314,yides,baldini,f,august 27 1993,uruguay,dark_turquoise,bananas,windows,/bin/ksh,execute
ml5642,mishael,leventhal,m,october 23 1999,angola,indigo,nectarines,mac,/bin/tcsh,execute
rr7327,rhealee,roesler,f,june 26 1989,czech_republic,medium_spring_green,grapes,windows,/bin/tcsh,select
nm7709,naimal,mixon,f,march 12 1994,tanzania,dark_orange,blueberries,mac,/bin/tcsh,delete
kt2770,kiser,toops,m,april 11 1988,australia,dark_goldenrod,cantaloupe,mac,/bin/ksh,execute
is7366,inola,shiels,f,april 22 1986,trinidad_and_tobago,linen,cherries,windows,/bin/bash,insert
dr3555,diyan,riedl,m,may 18 1996,iran,light_steel_blue,cantaloupe,windows,/bin/bash,execute
lz5738,lis,zhang,f,june 15 1994,croatia,thistle,cherries,windows,/bin/ksh,all
kc3592,kaidynce,crombie,m,march 2 1985,slovakia,firebrick,bananas,mac,/bin/tcsh,delete
ch8600,cope,hudspeth,m,november 9 1998,bahrain,sienna,blueberries,mac,/bin/ksh,drop
vw5128,venelope,willoughby,f,june 4 1994,israel,pale_turquoise,grapes,windows,/bin/csh,drop
el9292,euan,leibowitz,m,august 15 1988,the_gambia,brown,watermelon,windows,/bin/csh,delete
jg2821,jovy,galeas,f,february 12 1999,czech_republic,slate_gray,pears,windows,/bin/csh,execute
ab9587,annalicia,boivin,f,june 21 1999,portugal,burlywood,grapes,mac,/bin/bash,execute
lm4863,lang,mullenix,m,march 25 1998,georgia,goldenrod,mangoes,windows,/bin/bash,insert
lg3039,lynnix,giorgi,f,july 20 1985,zambia,rosy_brown,mangoes,windows,/bin/bash,update
mr7106,merit,rauda,f,january 1 1989,great_britain,dark_gray,avocados,windows,/bin/tcsh,select
kz8917,kenai,zellers,f,march 20 1998,argentina,medium_turquoise,pineapple,windows,/bin/tcsh,create
cp2617,chadwick,porath,m,july 18 1996,trinidad_and_tobago,indigo,apples,windows,/bin/ksh,create
sc8796,sadiq,cayton,m,october 7 1994,thailand,rosy_brown,pineapple,mac,/bin/ksh,execute
ra4080,ruhi,aymond,f,september 27 1997,azerbaijan,light_goldenrod,apples,windows,/bin/bash,insert
dd1611,dimari,danek,m,january 5 1998,finland,silver,pineapple,mac,/bin/csh,update
kp9593,kacy,pearlstein,f,may 28 1986,uruguay,medium_blue,peaches,mac,/bin/csh,all
jw3928,joe,weatherman,m,november 28 1991,ethiopia,dodger_blue,cantaloupe,mac,/bin/bash,delete
kw8956,kyzier,watts,m,december 19 1991,mongolia,silver,pineapple,mac,/bin/ksh,delete
mh6680,maleia,havel,f,july 18 1992,bahrain,thistle,watermelon,mac,/bin/ksh,execute
nm8153,nashlie,mckeel,f,february 27 1995,mongolia,brown,avocados,mac,/bin/ksh,all
gb6038,gorden,byars,m,october 7 1992,serbia,light_sky_blue,blueberries,windows,/bin/csh,delete
es9556,evony,schor,f,february 3 1985,great_britain,salmon,pineapple,mac,/bin/tcsh,select
sh5016,solomon,hille,m,march 20 1993,vietnam,dark_violet,strawberries,mac,/bin/bash,update
ak9914,analie,kalb,f,july 20 1989,georgia,red,nectarines,windows,/bin/ksh,select
jt5233,javayah,tinkler,f,january 11 1994,greece,midnight_blue,pears,windows,/bin/tcsh,execute
kw7303,kharie,wagler,f,november 22 1985,china,dark_slate_gray,raspberries,mac,/bin/csh,select
rw6558,reagan,wakeman,m,june 6 1988,portugal,lawn_green,oranges,mac,/bin/ksh,insert
jc4930,javonte,channel,m,november 11 1990,nigeria,dark_sea_green,bananas,windows,/bin/ksh,insert
ml5143,marisa,leitz,f,march 26 1992,liechtenstein,salmon,avocados,windows,/bin/tcsh,all
zf4826,zelie,fazekas,f,september 19 1991,uganda,light_blue,nectarines,windows,/bin/bash,execute
mf2546,mayva,fasnacht,f,april 19 1995,georgia,dark_cyan,blackberries,windows,/bin/bash,select
gc5055,gwenavere,colledge,f,january 24 1996,iran,dark_sea_green,peaches,windows,/bin/bash,execute
pc1695,polette,carrier,f,december 8 1986,dominican_republic,cadet_blue,raspberries,windows,/bin/ksh,execute
ih2252,indiya,holahan,f,august 6 1998,china,dark_magenta,strawberries,windows,/bin/ksh,create
av7759,aloniab,velis,m,december 28 1985,ivory_coast,cornsilk,blueberries,windows,/bin/csh,insert
sr7445,samarth,ringel,m,june 12 1988,denmark,lavender_blush,grapes,mac,/bin/csh,create
pg8821,pranit,gresko,m,april 15 1992,jamaica,gold,mangoes,windows,/bin/bash,all
mc6355,meryam,carollo,f,october 10 1998,pakistan,midnight_blue,nectarines,mac,/bin/ksh,drop
sb8481,sugey,burley,f,october 5 1996,canada,lemon_chiffon,peaches,mac,/bin/tcsh,all
ba9977,brinsley,ahsan,f,february 1 1996,spain,pale_violet_red,strawberries,mac,/bin/csh,delete
db1055,darby,barcenas,m,january 10 1993,bahrain,web_green,cherries,windows,/bin/csh,insert
ch2788,caidence,hubler,f,march 19 1992,israel,sea_green,nectarines,windows,/bin/csh,select
vh1735,viridian,hibler,f,may 11 1986,new_zealand,cornsilk,raspberries,mac,/bin/bash,insert
bd7901,breann,dusek,f,april 3 1988,ethiopia,snow,mangoes,windows,/bin/tcsh,create
hb6182,hud,bramblett,m,may 8 1986,azerbaijan,papaya_whip,grapes,windows,/bin/ksh,execute
jl4182,jyaire,landis,m,may 15 1993,india,dark_olive_green,cherries,mac,/bin/bash,drop
lk7535,lofton,kerins,m,february 15 1998,el_salvador,dark_red,pineapple,mac,/bin/bash,delete
cs1163,chistopher,seelig,m,march 14 1991,british_virgin_islands,green,lemons,mac,/bin/bash,create
jm3909,jerahmeel,micciche,m,july 25 1985,vietnam,blue_violet,blueberries,windows,/bin/tcsh,delete
ml2943,matt,linan,m,august 2 1985,guyana,dark_orchid,pineapple,mac,/bin/csh,select
he9524,hadassa,emmerich,f,may 6 1994,moldova,crimson,apples,mac,/bin/ksh,create
tm3562,trashawn,machuca,m,february 26 1995,japan,light_yellow,watermelon,windows,/bin/bash,insert
sa2940,scarlett,albino,m,january 14 1996,denmark,linen,plums,windows,/bin/bash,delete
tt5286,trayce,tumblin,m,may 29 1985,denmark,cyan,blackberries,windows,/bin/csh,drop
yg7182,yar,gasca,f,april 16 1988,belarus,medium_slate_blue,mangoes,mac,/bin/tcsh,delete
zc7068,zeal,connell,m,february 8 1996,british_virgin_islands,dark_khaki,pineapple,windows,/bin/bash,drop
ld5174,leydi,dimas,f,october 20 1997,norway,slate_blue,raspberries,mac,/bin/csh,drop
dt2101,deari,thiel,f,july 2 1989,belarus,tomato,lemons,mac,/bin/tcsh,drop
kb1083,kojo,brooking,m,september 14 1997,fiji,moccasin,grapes,mac,/bin/bash,update
kr5370,kourtney,record,m,september 3 1988,canada,dark_green,pineapple,mac,/bin/ksh,update
oa6363,ozzy,alberti,f,january 9 1985,serbia,medium_turquoise,grapes,windows,/bin/tcsh,create
cb5292,carmelle,behn,f,june 30 1993,moldova,light_pink,pineapple,mac,/bin/ksh,delete
ko9866,khepri,ortiz,m,february 27 1994,liechtenstein,web_maroon,blueberries,mac,/bin/bash,update
tr4799,tovia,ragin,m,august 22 1990,azerbaijan,light_sky_blue,limes,mac,/bin/csh,execute
ns6008,nnamdi,silvers,m,april 2 1995,slovenia,deep_sky_blue,apples,mac,/bin/csh,update
lb2095,luisangel,blackburn,m,october 29 1997,rwanda,pale_green,strawberries,mac,/bin/tcsh,create
rf4069,rashelle,fujiwara,f,august 18 1996,hungary,dark_orchid,blackberries,mac,/bin/bash,execute
kb5187,keysi,beckley,f,august 1 1998,canada,black,grapes,mac,/bin/csh,execute
lt1286,leam,tinker,m,december 15 1987,rwanda,light_slate_gray,oranges,mac,/bin/tcsh,all
mc4484,mikaya,casique,f,august 22 1986,china,light_gray,peaches,windows,/bin/csh,select
db4971,darla,bucholtz,f,december 15 1992,uruguay,sandy_brown,nectarines,mac,/bin/tcsh,delete
rg4313,rumor,gora,f,april 21 1990,namibia,light_goldenrod,pineapple,windows,/bin/tcsh,delete
zc6139,zareena,cosper,f,april 27 1989,nigeria,dark_orange,nectarines,windows,/bin/ksh,delete
ld8106,lylianna,deridder,f,april 21 1988,rwanda,medium_slate_blue,apples,windows,/bin/tcsh,insert
ts8296,tyrel,sekula,m,april 20 1986,eritrea,blanched_almond,avocados,mac,/bin/bash,all
fb1545,fanta,benedict,f,january 10 1999,guyana,pale_green,cantaloupe,windows,/bin/bash,drop
lj7569,lavayah,jahner,f,november 29 1995,estonia,salmon,blueberries,windows,/bin/ksh,all
bc9465,briar,cung,f,june 22 1988,japan,pink,apples,windows,/bin/bash,update
hw6372,hadara,wolfram,f,july 5 1999,guatemala,dark_blue,plums,windows,/bin/csh,select
cb1864,callan,birkeland,m,december 14 1991,moldova,sienna,cantaloupe,mac,/bin/bash,create
tm3808,trayvon,mcvicker,m,april 7 1998,bosnia_and_herzegovina,teal,limes,windows,/bin/ksh,drop
bv5321,bellamy,vega,f,june 21 1987,romania,orange,avocados,mac,/bin/tcsh,delete
sm3300,silvia,mcgeary,f,september 17 1987,indonesia,lavender_blush,cantaloupe,mac,/bin/ksh,all
hm2491,hewitt,murphree,m,august 15 1995,the_gambia,thistle,bananas,mac,/bin/csh,update
iw4405,ilham,walder,f,march 4 1985,austria,chartreuse,apples,mac,/bin/ksh,create
fb2923,fulton,burstein,m,august 15 1985,liechtenstein,khaki,blackberries,windows,/bin/csh,select
cs8018,charlea,schrantz,f,august 30 1990,south_korea,bisque,avocados,windows,/bin/csh,all
dd4319,daris,danielson,m,february 12 1985,ethiopia,white_smoke,lemons,mac,/bin/bash,all
rw8593,ricardo,wedgeworth,m,may 1 1997,iran,papaya_whip,cantaloupe,windows,/bin/ksh,update
mw7455,mele,wilker,f,march 20 1986,bulgaria,sea_green,peaches,windows,/bin/ksh,execute
ef7205,evalyse,friedberg,f,july 15 1999,philippines,light_sky_blue,cantaloupe,mac,/bin/tcsh,update
lc7706,livvy,cecchini,f,january 24 1991,sao_tome_and_principe,light_sky_blue,plums,windows,/bin/ksh,execute
ar7921,aslam,rooney,m,august 25 1989,denmark,olive,watermelon,mac,/bin/bash,update
sm6327,stormi,muldoon,f,february 23 1997,malaysia,pale_violet_red,avocados,windows,/bin/ksh,execute
sd9537,syren,dorothy,f,april 15 1991,burkina_faso,light_salmon,blackberries,windows,/bin/csh,update
et5686,elleni,tse,f,december 6 1998,brazil,dark_orchid,grapes,mac,/bin/csh,all
zc7682,zidaan,croskey,m,november 22 1999,kenya,dark_gray,apples,windows,/bin/csh,drop
mb6540,mackinley,berge,m,november 1 1999,north_korea,goldenrod,nectarines,mac,/bin/bash,create
jd1755,jalexi,dicken,f,february 24 1986,indonesia,blanched_almond,watermelon,windows,/bin/bash,update
dm9203,donovin,montgomery,m,march 4 1993,india,hot_pink,pears,mac,/bin/ksh,all
ls9367,leul,sieck,m,june 15 1995,djibouti,pale_goldenrod,pineapple,mac,/bin/csh,update
jv2549,jahleel,vanburen,m,july 5 1989,cayman_islands,floral_white,grapes,windows,/bin/bash,drop
km9470,kipling,marro,m,february 3 1985,south_africa,chartreuse,raspberries,mac,/bin/tcsh,update
zl4896,zaylee,likens,f,february 18 1991,kuwait,red,watermelon,windows,/bin/tcsh,insert
ta4086,tionne,agner,f,august 10 1998,botswana,linen,cherries,mac,/bin/bash,create
mg3096,melisa,gathright,f,october 29 1989,trinidad_and_tobago,sandy_brown,apples,mac,/bin/csh,select
ro9508,raelin,okafor,f,september 2 1986,ghana,aquamarine,limes,mac,/bin/bash,drop
kt5993,konnor,tassone,m,april 2 1988,fiji,ivory,cantaloupe,mac,/bin/tcsh,all
zg9762,zac,gulla,m,april 6 1988,ukraine,dark_orchid,avocados,mac,/bin/bash,all
mo6049,macaulay,ouk,m,july 11 1993,uzbekistan,medium_aquamarine,raspberries,windows,/bin/ksh,update
qm3155,quamaine,mennella,m,january 19 1993,pakistan,forest_green,pineapple,windows,/bin/tcsh,select
fr4161,forest,roble,f,may 28 1990,kuwait,royal_blue,oranges,windows,/bin/csh,select
eb9011,eleni,berardi,f,may 16 1996,bahrain,moccasin,blueberries,windows,/bin/tcsh,update
jd8467,jina,dirks,f,may 1 1989,morocco,snow,watermelon,windows,/bin/bash,all
to4378,teriyah,ottman,f,july 27 1998,latvia,peru,bananas,mac,/bin/ksh,insert
nr7466,nile,radosevich,m,january 16 1992,morocco,dark_orange,blackberries,mac,/bin/tcsh,update
es3174,eidan,sachdeva,m,october 27 1996,barbados,light_yellow,bananas,windows,/bin/bash,delete
ap8236,anabel,penning,f,october 2 1993,trinidad_and_tobago,sea_green,oranges,windows,/bin/csh,execute
km2394,kennon,mcclusky,m,march 1 1986,angola,magenta,pineapple,windows,/bin/bash,drop
tp9002,toni,palmisano,m,february 10 1997,new_zealand,lawn_green,strawberries,windows,/bin/tcsh,select
be8354,bronxx,eyman,m,december 4 1997,chile,light_cyan,nectarines,windows,/bin/ksh,insert
kl6102,khadeejah,linville,f,december 4 1996,bahamas,dim_gray,blackberries,mac,/bin/ksh,execute
am9754,ashai,matheson,m,november 8 1990,guyana,dark_salmon,strawberries,windows,/bin/csh,create
im6246,isha,mesidor,f,september 7 1991,uzbekistan,dodger_blue,pears,windows,/bin/ksh,delete
ad6083,aarohi,diefenbach,f,march 12 1998,barbados,navajo_white,blueberries,mac,/bin/bash,delete
hu5023,hiroshi,usery,m,january 26 1990,sweden,ivory,blackberries,windows,/bin/tcsh,create
mc7401,mohanad,chenevert,m,june 4 1993,great_britain,dark_khaki,oranges,windows,/bin/tcsh,drop
mk3045,mattalyn,kozik,f,july 22 1985,egypt,violet,cherries,windows,/bin/csh,create
ts7567,taren,shon,f,november 2 1991,slovakia,light_salmon,apples,mac,/bin/csh,delete
gm6768,gerardo,milholland,m,september 27 1995,tanzania,light_gray,apples,windows,/bin/bash,all
am6635,aritza,makela,f,october 27 1990,united_states,royal_blue,cantaloupe,mac,/bin/ksh,select
ap2963,arlan,phillip,m,january 10 1994,bulgaria,dark_sea_green,grapes,windows,/bin/tcsh,drop
js7377,jenevie,saner,f,december 5 1990,bulgaria,light_sea_green,pineapple,windows,/bin/ksh,select
ns4454,natia,saelee,f,may 11 1990,slovakia,web_maroon,mangoes,mac,/bin/tcsh,delete
al8651,avee,lao,f,may 19 1998,bahrain,dark_goldenrod,bananas,windows,/bin/tcsh,drop
ac3699,ata,crawshaw,m,december 11 1989,peru,sandy_brown,watermelon,mac,/bin/ksh,insert
dc2661,dallana,cardosa,f,december 30 1990,ecuador,thistle,cantaloupe,windows,/bin/tcsh,drop
mc2860,marwan,celentano,m,july 10 1997,vietnam,light_steel_blue,peaches,windows,/bin/ksh,create
cl8842,chiara,lowrey,f,october 8 1997,chad,blue,pears,windows,/bin/ksh,update
ms9909,mazlyn,solberg,f,october 20 1985,costa_rica,pink,raspberries,windows,/bin/tcsh,select
cs6997,courtney,sargsyan,m,october 26 1997,samoa,lime_green,raspberries,mac,/bin/bash,delete
mj3502,mikenzie,jaros,f,may 30 1993,burundi,light_pink,grapes,mac,/bin/csh,drop
sl9883,skylah,lauren,f,march 6 1990,brazil,dark_magenta,nectarines,windows,/bin/csh,execute
jm3819,joana,mathis,f,october 2 1992,pakistan,sea_green,peaches,windows,/bin/csh,delete
jz9329,jalayna,zhai,f,august 7 1999,cayman_islands,dark_sea_green,raspberries,mac,/bin/csh,insert
as4599,arien,schwartzkopf,m,january 1 1992,namibia,lime,bananas,windows,/bin/bash,all
ph4745,peighton,hayslett,f,may 12 1993,new_zealand,thistle,nectarines,mac,/bin/ksh,delete
ew5882,emmily,warneke,f,january 2 1994,czech_republic,indian_red,lemons,windows,/bin/ksh,insert
sc6522,simir,carollo,m,june 16 1999,malaysia,white,pears,windows,/bin/tcsh,insert
ag9146,avarey,gess,f,february 21 1998,liberia,light_green,bananas,mac,/bin/tcsh,execute
gs4973,geno,slough,m,september 18 1997,czech_republic,light_gray,bananas,windows,/bin/tcsh,drop
st1053,shivaan,tapp,m,august 20 1985,poland,aqua,nectarines,mac,/bin/tcsh,delete
me5460,mayzlee,efaw,f,september 26 1997,slovakia,green_yellow,plums,mac,/bin/bash,all
as7834,alissa,shingler,f,august 29 1997,the_gambia,khaki,mangoes,windows,/bin/tcsh,insert
pg9901,pria,gusman,f,july 25 1991,ecuador,dark_slate_gray,pineapple,windows,/bin/tcsh,all
aj4576,agustin,jolin,m,july 27 1999,spain,medium_violet_red,lemons,mac,/bin/csh,select
ml6088,magda,leoni,f,march 20 1996,slovakia,olive,blueberries,windows,/bin/bash,select
jh9941,jaylanie,hoel,f,october 14 1999,grenada,medium_orchid,cantaloupe,mac,/bin/csh,update
lv7964,lucile,vanpelt,f,november 18 1990,niger,dark_cyan,watermelon,windows,/bin/tcsh,drop
sq1579,seleem,quan,m,august 14 1996,jamaica,dodger_blue,blueberries,windows,/bin/bash,create
gh1349,guinevere,haake,f,december 22 1987,chad,light_blue,plums,mac,/bin/csh,drop
hc7123,harsh,corning,m,july 12 1992,algeria,white,blueberries,windows,/bin/tcsh,delete
jp7902,jebediah,posada,m,june 16 1996,tunisia,light_salmon,apples,mac,/bin/tcsh,all
fb6402,fadi,busse,m,november 22 1987,san_marino,papaya_whip,grapes,windows,/bin/csh,delete
lt2221,lakeyn,tolan,f,december 18 1995,peru,silver,blueberries,mac,/bin/tcsh,all
jc7127,jerney,constantin,f,september 10 1997,botswana,plum,cherries,mac,/bin/csh,delete
ob5417,odell,barwick,m,august 21 1999,hungary,snow,nectarines,windows,/bin/ksh,execute
dg7156,devan,guice,m,september 27 1989,colombia,medium_orchid,pineapple,mac,/bin/ksh,insert
sc9265,shalin,consuegra,m,december 4 1995,angola,red,apples,windows,/bin/ksh,update
li4261,lyndsay,ihle,f,february 18 1993,great_britain,gainsboro,blackberries,windows,/bin/bash,all
lc9887,lanasia,conkling,f,march 23 1998,singapore,bisque,watermelon,windows,/bin/csh,update
ev7981,elsey,vecchio,f,october 12 1988,kenya,lime_green,lemons,windows,/bin/ksh,update
ag7352,ashton,grunewald,f,december 2 1994,north_korea,goldenrod,apples,windows,/bin/tcsh,insert
ls1938,leona,siegmund,f,june 4 1996,portugal,goldenrod,blueberries,mac,/bin/bash,insert
ie5562,ikora,ellingwood,f,july 5 1995,great_britain,black,oranges,windows,/bin/tcsh,drop
ch7648,cahri,heiden,f,march 22 1987,barbados,dark_orange,grapes,windows,/bin/bash,update
iv9571,irie,valenta,m,september 16 1988,egypt,dark_orange,nectarines,windows,/bin/tcsh,drop
rr5021,rickie,rupe,m,may 3 1988,belgium,light_cyan,limes,mac,/bin/ksh,select
gg8144,gwyneth,galaviz,f,july 29 1997,burkina_faso,light_gray,nectarines,windows,/bin/tcsh,create
at3803,aidelyn,trumble,f,june 16 1997,czech_republic,linen,blackberries,mac,/bin/csh,create
js2533,jaylis,schuessler,f,march 26 1988,malaysia,yellow_green,pears,mac,/bin/bash,create
cc8699,cort,cornette,m,september 13 1992,estonia,lawn_green,cantaloupe,mac,/bin/bash,delete
ec6663,emarius,cureton,m,september 5 1990,poland,white,blackberries,windows,/bin/ksh,select
ms2428,mckynzie,sechrist,f,july 24 1994,pakistan,ivory,limes,mac,/bin/csh,create
sd8683,seher,delahunt,f,december 3 1994,malaysia,light_goldenrod,watermelon,mac,/bin/ksh,select
kf1843,kaisei,fagg,m,august 30 1985,israel,burlywood,bananas,mac,/bin/bash,update
rs5737,rohnan,speirs,m,february 9 1987,chad,indian_red,plums,mac,/bin/csh,all
cd4874,claudia,decamp,f,october 29 1985,argentina,floral_white,blueberries,windows,/bin/bash,execute
od9206,onna,darin,f,november 5 1998,uganda,chartreuse,apples,mac,/bin/bash,insert
eb8502,eden,byrnes,m,september 25 1995,ukraine,blue,strawberries,windows,/bin/csh,update
vm3053,vivi,marker,f,november 4 1996,austria,peru,avocados,mac,/bin/csh,all
nk1094,nina,kreps,f,june 13 1997,ivory_coast,medium_sea_green,nectarines,windows,/bin/bash,execute
rn4499,rambo,newnam,m,may 30 1992,south_africa,hot_pink,cherries,windows,/bin/ksh,delete
kw2672,kiyara,wagstaff,f,april 19 1987,austria,dim_gray,grapes,windows,/bin/tcsh,delete
ar7632,assa,reighard,f,october 27 1988,cyprus,papaya_whip,plums,mac,/bin/tcsh,delete
ss2124,sheila,scherer,f,april 9 1993,mexico,crimson,nectarines,mac,/bin/bash,insert
mt3129,meryem,tabarez,f,april 24 1999,united_states,fuchsia,oranges,windows,/bin/tcsh,drop
zb7122,ziggy,boroughs,f,april 28 1985,puerto_rico,gold,lemons,windows,/bin/tcsh,create
vv8913,varnika,vohs,f,december 8 1985,austria,black,mangoes,mac,/bin/ksh,select
dr3817,dameon,rainford,m,december 6 1985,canada,medium_turquoise,avocados,mac,/bin/csh,select
cl6104,chetan,loewe,m,july 21 1986,new_zealand,dark_cyan,limes,windows,/bin/bash,update
fm1613,fox,mehmedovic,f,july 28 1987,guatemala,brown,avocados,windows,/bin/tcsh,select
hp2741,hartlynn,porath,f,march 16 1999,czech_republic,sea_green,grapes,mac,/bin/ksh,update
tm2997,trevonne,marnell,m,november 17 1990,belgium,rosy_brown,peaches,mac,/bin/tcsh,insert
al7542,adair,lunger,m,january 30 1997,ireland,light_blue,grapes,mac,/bin/bash,all
tp1195,tasmia,probst,f,january 8 1988,iceland,crimson,oranges,windows,/bin/bash,delete
as8786,adyn,seybold,m,october 5 1993,dominican_republic,blue_violet,peaches,windows,/bin/tcsh,update
ab5909,anisa,berggren,f,march 13 1995,cyprus,dark_khaki,avocados,mac,/bin/tcsh,insert
rm5124,raelyne,mccreight,f,july 18 1991,ivory_coast,dark_violet,grapes,windows,/bin/ksh,create
de6684,desiree,espindola,f,february 16 1997,serbia,light_gray,bananas,windows,/bin/csh,insert
kr9717,kayslee,romig,f,april 8 1986,mexico,fuchsia,apples,windows,/bin/csh,select
ca3216,christiano,amster,m,october 30 1991,nigeria,pale_goldenrod,strawberries,windows,/bin/bash,delete
az9113,arryn,zona,m,february 12 1993,azerbaijan,cornflower_blue,apples,windows,/bin/bash,all
br5561,breccan,roff,m,may 21 1996,hungary,saddle_brown,cherries,windows,/bin/ksh,all
yc1145,yosiah,coghill,m,may 15 1985,netherlands,hot_pink,mangoes,mac,/bin/csh,execute
hp6473,haddy,padilla,f,october 28 1995,spain,thistle,cherries,windows,/bin/bash,insert
tp8863,tanvi,pintado,f,february 11 1987,greece,snow,lemons,windows,/bin/csh,execute
eo8017,emmalina,ou,f,february 30 1997,uganda,black,strawberries,mac,/bin/bash,create
sf2420,solome,fowkes,f,march 30 1998,portugal,dark_khaki,grapes,mac,/bin/bash,insert
sr8509,sadhana,rippee,f,august 9 1991,namibia,web_maroon,raspberries,mac,/bin/tcsh,insert
yw9566,yishai,wimer,m,january 3 1993,egypt,pale_violet_red,lemons,windows,/bin/ksh,execute
rp6606,romero,parent,m,november 4 1989,united_states,rebecca_purple,apples,mac,/bin/bash,insert
zk5487,zanae,koop,f,august 3 1989,vietnam,linen,apples,mac,/bin/ksh,all
ah4131,aarvi,harshbarger,f,february 20 1992,pakistan,slate_gray,peaches,windows,/bin/csh,execute
ms5726,marivel,steib,f,february 1 1986,dominican_republic,old_lace,lemons,mac,/bin/tcsh,execute
tc7298,teairra,carcamo,f,march 13 1999,austria,cornflower_blue,strawberries,mac,/bin/bash,drop
yr4710,yadhira,rioux,f,august 9 1997,thailand,dark_olive_green,plums,windows,/bin/ksh,execute
sm5905,shakti,mazariegos,f,december 11 1994,bahamas,blanched_almond,cherries,windows,/bin/bash,delete
gt3890,gurshan,terrill,m,june 15 1986,morocco,magenta,avocados,mac,/bin/tcsh,all
ss7295,sophira,suski,f,may 11 1988,colombia,orchid,blackberries,mac,/bin/tcsh,select
ac9161,audiel,caplan,m,september 7 1985,estonia,light_gray,lemons,mac,/bin/csh,delete
cg5808,christien,groner,m,june 3 1997,israel,indigo,limes,windows,/bin/bash,all
ss6452,scarlett,silmon,f,january 30 1999,united_states,moccasin,strawberries,mac,/bin/tcsh,insert
mf1913,milla,fraga,f,july 9 1998,iran,pale_turquoise,apples,mac,/bin/ksh,all
ak7148,alexander,krebs,f,april 5 1989,burundi,aqua,blueberries,mac,/bin/bash,all
bk8613,brennex,krum,m,november 13 1997,uruguay,lavender_blush,raspberries,windows,/bin/ksh,create
mf8038,mehreen,fales,f,january 1 1987,puerto_rico,rosy_brown,grapes,windows,/bin/ksh,select
ap1141,ameyah,pickard,f,august 20 1987,british_virgin_islands,maroon,strawberries,windows,/bin/tcsh,drop
kb9761,khabib,brayboy,m,october 20 1985,barbados,cornsilk,oranges,windows,/bin/csh,update
rt4902,rigdon,tonelli,m,december 14 1999,guyana,slate_blue,apples,mac,/bin/ksh,all
mk4353,mayjor,kovacevich,m,july 11 1993,slovenia,coral,cantaloupe,mac,/bin/bash,delete
as2934,audre,studley,f,july 22 1997,china,peach_puff,grapes,mac,/bin/bash,create
gr5032,greicy,ramseyer,f,december 8 1993,nigeria,firebrick,avocados,windows,/bin/tcsh,insert
at2748,aryus,talamantes,m,september 15 1992,new_zealand,medium_spring_green,lemons,mac,/bin/csh,select
zt9068,zayde,timms,m,july 2 1998,colombia,lavender_blush,watermelon,mac,/bin/bash,select
sm4981,stefanie,montour,f,october 11 1988,luxembourg,red,plums,windows,/bin/csh,update
ls3614,lunamae,sustaita,f,november 19 1989,netherlands,light_cyan,plums,mac,/bin/ksh,create
dw4646,divij,welden,m,may 12 1995,north_korea,dark_goldenrod,blueberries,mac,/bin/csh,select
sa9168,syrus,aurand,m,november 8 1988,greece,light_sea_green,grapes,windows,/bin/ksh,select
id8471,issam,dobyns,m,january 23 1986,luxembourg,firebrick,raspberries,mac,/bin/ksh,drop
nh8806,nahim,hodson,m,february 12 1995,chile,medium_blue,blackberries,mac,/bin/csh,insert
ka1794,kordelia,able,f,october 29 1988,costa_rica,light_coral,pineapple,windows,/bin/bash,delete
aa6503,ahkeem,aaron,m,july 22 1985,chinese_taipei,tan,bananas,windows,/bin/ksh,select
ml7728,maimunah,langenfeld,f,february 26 1996,samoa,web_gray,apples,mac,/bin/csh,drop
rf1254,rozae,flanery,m,august 26 1990,japan,chartreuse,cherries,mac,/bin/bash,create
es9557,emmajane,schnitzer,f,november 20 1992,ukraine,dodger_blue,avocados,mac,/bin/tcsh,drop
rc1895,rhylen,christen,f,june 11 1985,cuba,web_maroon,grapes,mac,/bin/tcsh,all
jl5027,jhamir,lopata,m,december 6 1998,ireland,medium_spring_green,cantaloupe,windows,/bin/bash,insert
js1862,jones,serratos,m,november 26 1993,india,medium_turquoise,blackberries,windows,/bin/tcsh,create
lc2549,lionel,claar,m,april 30 1995,barbados,dark_sea_green,pineapple,mac,/bin/csh,update
yd4659,yatzil,duer,f,july 12 1990,vietnam,lavender_blush,pineapple,mac,/bin/tcsh,select
dv7312,davie,villagran,m,september 17 1990,qatar,dark_magenta,apples,windows,/bin/bash,all
qc5769,quintessa,cam,f,april 30 1992,rwanda,indian_red,blueberries,windows,/bin/tcsh,create
zg5751,zameir,grimmer,m,november 19 1999,united_states,maroon,pears,windows,/bin/bash,create
jm5454,jaccob,manganiello,m,march 10 1994,croatia,pink,pineapple,mac,/bin/bash,delete
ly2948,laylanie,yonkers,f,september 9 1986,colombia,dark_red,cantaloupe,windows,/bin/tcsh,all
rb2184,rocklyn,balla,f,february 5 1996,belgium,teal,raspberries,mac,/bin/ksh,insert
tr9863,teddie,rowlands,f,august 13 1994,san_marino,slate_gray,cantaloupe,mac,/bin/ksh,create
gp8006,gabriele,pitsch,m,december 19 1985,spain,cyan,raspberries,windows,/bin/csh,execute
ak5516,akyrah,kircher,f,december 9 1989,iran,navajo_white,blackberries,mac,/bin/bash,create
as8911,adra,sugiyama,f,april 16 1986,cyprus,dark_magenta,apples,mac,/bin/bash,create
eb9576,eliane,bowling,f,january 22 1995,kazakhstan,navy_blue,pears,mac,/bin/tcsh,drop
ss9026,sarvesh,seifert,m,april 28 1992,portugal,indigo,mangoes,windows,/bin/bash,execute
hu6822,hani,unser,m,march 20 1996,rwanda,lawn_green,cantaloupe,mac,/bin/csh,all
sd6446,sirinity,dula,f,august 4 1988,vietnam,medium_violet_red,avocados,mac,/bin/csh,create
th1156,takoda,huntington,f,january 30 1996,belarus,orange,plums,windows,/bin/csh,delete
sp2173,sinclaire,pecha,f,april 4 1994,slovakia,brown,lemons,windows,/bin/csh,delete
rm8620,ramiah,mcdonald,f,march 14 1987,canada,lime,nectarines,mac,/bin/bash,all
vl2567,vivia,lahman,f,january 19 1989,luxembourg,indian_red,lemons,mac,/bin/bash,select
sd1555,shylo,dorrough,m,october 16 1991,israel,light_coral,apples,mac,/bin/bash,all
sw6951,saqib,wisdom,m,february 5 1991,latvia,sienna,apples,mac,/bin/ksh,select
rd2007,rutvik,darr,m,may 24 1994,slovakia,rebecca_purple,avocados,mac,/bin/tcsh,update
bc2399,blayze,chmiel,f,july 14 1992,rwanda,dark_red,pears,mac,/bin/tcsh,delete
sc7783,shila,carmona,f,april 10 1993,uganda,dark_goldenrod,mangoes,windows,/bin/bash,all
rb9928,rachael,bhatti,f,february 11 1997,austria,azure,apples,mac,/bin/csh,all
db9787,dacari,burruel,m,october 3 1990,hong_kong,dark_cyan,blackberries,mac,/bin/ksh,drop
mt9480,makaylynn,tangen,f,december 5 1990,malaysia,light_sky_blue,plums,windows,/bin/bash,execute
cc3270,curry,culkin,m,march 14 1986,ivory_coast,dark_slate_blue,blueberries,mac,/bin/bash,update
lc6839,leeona,clerk,f,april 29 1992,uruguay,dark_violet,blackberries,windows,/bin/bash,execute
jh6774,jaidin,hudman,m,july 22 1991,liechtenstein,firebrick,blackberries,windows,/bin/csh,execute
fg8497,flavio,gutman,m,april 22 1994,denmark,mint_cream,strawberries,windows,/bin/tcsh,create
lf9492,leyton,fulgham,f,december 18 1990,france,crimson,oranges,mac,/bin/bash,create
ac6800,aslin,canady,f,november 15 1990,greece,tomato,watermelon,windows,/bin/tcsh,update
kg1574,kim,gayheart,m,october 22 1996,burundi,light_cyan,blueberries,mac,/bin/bash,drop
fc2311,farhiya,cedillos,f,july 2 1988,bulgaria,white_smoke,pears,windows,/bin/tcsh,insert
sk8399,skadi,kroll,f,june 25 1988,indonesia,linen,strawberries,windows,/bin/tcsh,create
xs2165,xara,seckinger,f,june 26 1986,trinidad_and_tobago,dodger_blue,limes,mac,/bin/csh,select
mb6339,mose,bauguess,m,december 25 1995,kazakhstan,royal_blue,apples,windows,/bin/csh,delete
dm4136,daelyn,menefee,f,april 30 1988,poland,dark_khaki,raspberries,mac,/bin/csh,execute
sl3379,soham,little,m,september 9 1999,grenada,cyan,strawberries,mac,/bin/bash,create
os4857,olen,siders,m,may 23 1996,latvia,green_yellow,blackberries,mac,/bin/csh,delete
zs6076,zaniylah,stalker,f,june 29 1989,india,lavender_blush,mangoes,windows,/bin/csh,update
nb2021,nahlij,barreto,m,september 10 1994,ecuador,dark_orchid,limes,mac,/bin/tcsh,all
kr5749,kamilyah,rustad,f,march 5 1998,colombia,slate_blue,grapes,mac,/bin/ksh,update
ot2433,ohana,treanor,f,june 28 1999,new_zealand,light_cyan,mangoes,windows,/bin/ksh,delete
te4444,tyaira,eggleton,f,september 16 1990,botswana,alice_blue,blackberries,mac,/bin/ksh,delete
mg3495,mauricio,garry,m,june 13 1995,north_korea,spring_green,avocados,windows,/bin/csh,update
bb7891,breonna,broeker,f,april 4 1994,south_korea,indigo,cherries,windows,/bin/ksh,delete
jc2531,janise,croskey,f,september 23 1992,iceland,light_salmon,nectarines,windows,/bin/csh,create
fg4643,feather,garske,f,may 6 1998,germany,medium_purple,bananas,mac,/bin/ksh,update
ms2280,mirza,skates,m,march 30 1995,kenya,slate_blue,plums,mac,/bin/tcsh,select
jd6860,jessabelle,dewitte,f,august 13 1994,peru,white_smoke,blueberries,windows,/bin/bash,insert
hs9078,helaman,salzano,m,september 13 1994,zambia,moccasin,strawberries,windows,/bin/bash,drop
ya9369,yahvi,axton,f,march 17 1994,spain,light_gray,cantaloupe,mac,/bin/bash,create
fs9484,finesse,servellon,m,october 23 1994,morocco,white,nectarines,windows,/bin/tcsh,drop
mw3954,myiah,winegardner,f,june 21 1985,latvia,slate_blue,nectarines,mac,/bin/csh,delete
kb4328,kaye,booker,f,january 19 1987,chad,aquamarine,bananas,mac,/bin/bash,drop
lv5595,lynn,vandermark,f,september 3 1992,argentina,coral,avocados,windows,/bin/tcsh,execute
jb9579,jalaiya,baylor,f,may 29 1992,niger,midnight_blue,peaches,mac,/bin/csh,drop
er5419,emra,rago,f,october 16 1995,sweden,sky_blue,nectarines,windows,/bin/ksh,select
lf9764,lehlani,fairhurst,f,may 11 1994,moldova,web_purple,cherries,mac,/bin/ksh,delete
jj3433,jailon,jurek,m,april 1 1999,vietnam,cadet_blue,cantaloupe,mac,/bin/tcsh,select
kw5300,kennedii,wadley,f,october 20 1994,latvia,medium_aquamarine,peaches,mac,/bin/tcsh,execute
od5865,owenn,driver,m,october 21 1998,angola,moccasin,plums,windows,/bin/ksh,delete
vk2563,violetta,killings,f,march 14 1994,romania,aqua,bananas,mac,/bin/ksh,create
lg7344,landrick,goldsmith,m,january 18 1998,uruguay,floral_white,watermelon,windows,/bin/tcsh,create
lv8524,lesley,volker,f,august 2 1998,latvia,yellow,strawberries,windows,/bin/bash,execute
il2131,iqlas,lauro,f,august 15 1989,luxembourg,silver,watermelon,windows,/bin/tcsh,create
is6856,israela,satterwhite,f,november 5 1992,angola,web_maroon,watermelon,windows,/bin/ksh,all
hm9751,hamidou,mcgowan,m,october 30 1987,switzerland,honeydew,pineapple,mac,/bin/tcsh,insert
md9795,maclan,dumm,m,may 1 1985,eritrea,light_cyan,nectarines,windows,/bin/bash,drop
im1416,iniyan,mahadeo,m,april 26 1997,cyprus,medium_spring_green,bananas,mac,/bin/ksh,delete
nm6559,natiri,mendes,f,june 4 1991,niger,maroon,cantaloupe,mac,/bin/csh,create
de7684,doc,eastep,m,september 16 1987,russia,hot_pink,pears,mac,/bin/bash,execute
an1825,allysson,neary,f,november 14 1996,new_zealand,gainsboro,pineapple,mac,/bin/csh,update
rs8771,riki,samuelson,f,december 7 1987,italy,steel_blue,blueberries,windows,/bin/bash,create
aa6585,arlyn,acord,f,july 21 1988,san_marino,lime,grapes,mac,/bin/ksh,all
dg2637,darah,grimm,f,january 30 1988,australia,peru,grapes,mac,/bin/tcsh,create
vs9839,vung,searles,f,january 6 1988,dominican_republic,azure,peaches,windows,/bin/ksh,delete
ea4369,erich,adkisson,m,september 11 1997,new_zealand,navy_blue,oranges,windows,/bin/bash,update
ko6018,keanan,orrego,m,may 23 1996,tunisia,chocolate,nectarines,mac,/bin/bash,update
zb4815,zisha,baumann,m,january 6 1992,moldova,dark_turquoise,limes,mac,/bin/ksh,select
sh4905,shanav,heroux,m,january 1 1993,serbia,teal,raspberries,mac,/bin/ksh,select
sg5444,serena,greig,f,may 5 1989,cuba,dark_violet,peaches,windows,/bin/ksh,select
kf8158,kiyen,florida,m,january 28 1994,rwanda,navajo_white,blackberries,windows,/bin/tcsh,select
yf4055,yahshua,fitting,m,december 21 1991,barbados,olive,plums,windows,/bin/tcsh,update
da9246,dragan,ashworth,m,february 14 1988,puerto_rico,chartreuse,lemons,windows,/bin/ksh,drop
mt2384,maysin,terwilliger,m,march 22 1993,moldova,gainsboro,pears,windows,/bin/ksh,delete
lf1473,liahna,fluitt,f,december 21 1998,mexico,indigo,lemons,windows,/bin/csh,delete
hs9283,hamir,schissler,m,may 12 1986,portugal,maroon,pineapple,mac,/bin/csh,create
zw4422,zayley,waddell,f,october 16 1987,croatia,medium_turquoise,blueberries,windows,/bin/bash,insert
lc9442,lilja,cavanaugh,f,december 24 1995,uruguay,sea_green,plums,mac,/bin/tcsh,delete
id4754,isahi,dugger,m,october 6 1986,austria,pale_turquoise,mangoes,windows,/bin/ksh,execute
sd6787,senna,dia,f,may 23 1996,czech_republic,white,plums,mac,/bin/csh,execute
ls4473,loralynn,stouder,f,march 7 1994,uzbekistan,lawn_green,limes,windows,/bin/bash,drop
xl5568,xiyan,loverde,f,july 9 1990,denmark,plum,blueberries,mac,/bin/csh,all
lb6302,lamoni,baccus,f,august 29 1992,bulgaria,royal_blue,pears,mac,/bin/tcsh,create
kf1935,kristianna,figueira,f,june 5 1993,guyana,light_steel_blue,blackberries,mac,/bin/bash,execute
kl4905,kieran,lakatos,m,july 24 1992,grenada,steel_blue,bananas,mac,/bin/bash,create
nb5444,niala,barrantes,f,may 30 1999,uzbekistan,dark_green,oranges,mac,/bin/ksh,insert
ks6327,kache,squire,m,november 22 1985,costa_rica,dark_olive_green,blueberries,windows,/bin/tcsh,all
gf7084,greylin,freyer,f,may 26 1987,bahamas,firebrick,strawberries,windows,/bin/ksh,insert
zh2223,zynique,hartke,f,june 3 1987,eritrea,royal_blue,bananas,windows,/bin/ksh,all
lb7245,leven,broadnax,m,april 2 1989,barbados,dark_khaki,watermelon,mac,/bin/bash,drop
gv7678,grady,veneziano,m,august 13 1987,pakistan,beige,mangoes,windows,/bin/ksh,create
hk6498,hidaya,kahn,f,may 25 1987,portugal,medium_purple,mangoes,mac,/bin/ksh,drop
po6872,pranshi,oppermann,f,april 17 1999,venezuela,steel_blue,apples,mac,/bin/tcsh,select
sw5088,stryker,woodley,m,october 18 1987,puerto_rico,blue_violet,oranges,windows,/bin/csh,update
hr5817,holdyn,riedinger,f,february 25 1994,brazil,dark_cyan,pineapple,mac,/bin/csh,select
sa3320,simra,addison,f,august 2 1990,mongolia,cornsilk,peaches,windows,/bin/ksh,create
cd9453,caileb,disney,m,january 27 1995,the_gambia,dark_khaki,peaches,windows,/bin/tcsh,drop
mm7036,myer,meckley,f,january 1 1988,italy,salmon,avocados,windows,/bin/tcsh,create
dl6763,dreden,lahman,m,february 3 1997,ivory_coast,wheat,limes,windows,/bin/tcsh,all
dp3703,dakotah,pete,m,april 29 1999,malaysia,light_goldenrod,bananas,mac,/bin/bash,delete
jz9757,jasiyah,ziemer,m,july 30 1986,ukraine,orange,blueberries,mac,/bin/csh,create
as3222,ahleah,steed,f,february 7 1990,north_korea,ivory,bananas,mac,/bin/csh,insert
jc2584,justin,cullison,f,march 30 1988,argentina,cornflower_blue,mangoes,windows,/bin/tcsh,update
dz6181,daleyza,zhen,f,may 4 1998,algeria,light_pink,lemons,windows,/bin/bash,delete
eu1124,emerii,uhler,f,october 27 1992,burkina_faso,web_green,pears,mac,/bin/tcsh,insert
ks2461,kayliee,sermeno,f,january 28 1994,spain,misty_rose,raspberries,mac,/bin/ksh,delete
je4867,jkai,edmundson,m,february 18 1988,venezuela,steel_blue,plums,mac,/bin/csh,update
rs9511,raani,sciortino,f,may 22 1986,qatar,light_slate_gray,watermelon,mac,/bin/csh,execute
ek9004,eker,kaley,m,january 16 1987,sweden,wheat,cantaloupe,mac,/bin/ksh,insert
pj6715,parker,jaques,f,november 8 1987,san_marino,light_sky_blue,peaches,windows,/bin/csh,insert
cw1346,candler,wilmes,m,april 2 1992,barbados,gold,avocados,mac,/bin/tcsh,create
sd6959,siham,devins,f,march 22 1992,portugal,maroon,cantaloupe,mac,/bin/ksh,drop
cg3934,cirilla,garth,f,september 6 1996,tunisia,purple,bananas,windows,/bin/bash,insert
kp8354,kaashvi,pew,f,april 17 1994,poland,ivory,blackberries,mac,/bin/bash,drop
dh4900,dorian,hilden,f,november 30 1993,djibouti,sea_green,watermelon,mac,/bin/csh,create
se8396,shuaib,eddleman,m,may 24 1991,niger,dark_gray,blackberries,mac,/bin/ksh,update
il7106,iniya,lantz,f,july 23 1986,estonia,purple,blackberries,windows,/bin/bash,drop
ar2318,arda,regnier,m,march 5 1992,slovenia,dark_sea_green,apples,windows,/bin/ksh,all
gf2789,gaige,flemister,m,december 11 1988,thailand,firebrick,strawberries,mac,/bin/csh,insert
lm7788,lauralynn,mondy,f,september 28 1997,azerbaijan,navy_blue,watermelon,mac,/bin/csh,update
lt8149,lochlann,tinkham,m,june 7 1987,china,ivory,plums,mac,/bin/csh,select
mm1552,mileva,muise,f,september 27 1989,burundi,light_steel_blue,pineapple,mac,/bin/tcsh,create
cm1201,colleen,moffett,f,july 27 1986,liberia,gold,bananas,mac,/bin/bash,execute
sp2958,simar,pecor,f,january 29 1998,philippines,orchid,cherries,mac,/bin/tcsh,drop
oc9184,oakley,cao,m,january 20 1988,luxembourg,web_gray,pears,windows,/bin/ksh,execute
kg8201,kekoa,grear,m,september 17 1988,sweden,rosy_brown,apples,windows,/bin/bash,insert
cc9922,caileigh,ciesla,f,august 10 1997,cuba,light_sea_green,avocados,windows,/bin/bash,select
jw5806,jalyrica,wade,f,may 19 1990,hungary,dark_salmon,lemons,mac,/bin/tcsh,create
jb3882,jasia,boudreaux,f,march 22 1993,serbia,dark_cyan,plums,windows,/bin/tcsh,drop
lv2678,leni,vanscyoc,f,december 18 1987,kuwait,khaki,strawberries,mac,/bin/bash,select
lf2984,ladavion,fallen,m,march 18 1988,iran,powder_blue,mangoes,mac,/bin/ksh,drop
js9527,jajuan,swales,m,august 9 1990,poland,dark_blue,cherries,mac,/bin/ksh,select
yf8526,yalexa,farney,f,june 1 1999,chile,light_green,raspberries,windows,/bin/tcsh,insert
ns4566,nzinga,santillano,f,august 19 1998,ghana,orange,strawberries,windows,/bin/csh,drop
cr8878,chilton,richeson,m,january 4 1997,dominican_republic,bisque,cantaloupe,mac,/bin/tcsh,delete
kb5822,kylynn,beardsley,m,september 28 1985,algeria,maroon,cantaloupe,mac,/bin/tcsh,select
kw7570,kayon,wiggs,m,august 27 1992,algeria,floral_white,grapes,windows,/bin/bash,all
yh7928,yazmina,hundal,f,january 19 1989,kazakhstan,khaki,lemons,mac,/bin/tcsh,insert
ab1438,amonii,bickford,f,august 13 1986,ivory_coast,fuchsia,pears,windows,/bin/tcsh,update
ms5107,macarena,strahm,f,january 10 1985,poland,orchid,plums,mac,/bin/ksh,delete
jb9278,juanpablo,bradwell,m,december 14 1985,angola,plum,cantaloupe,windows,/bin/ksh,create
dm3433,dilara,morlock,f,july 26 1988,djibouti,firebrick,bananas,mac,/bin/bash,drop
js1748,jakayden,swensen,m,july 4 1997,brazil,light_sea_green,pineapple,windows,/bin/bash,delete
co7063,chikamso,ohaver,m,april 8 1990,egypt,rosy_brown,oranges,windows,/bin/tcsh,select
ap3060,aubreigh,perz,f,september 4 1993,morocco,royal_blue,watermelon,windows,/bin/tcsh,drop
af6126,abhi,figueira,m,october 11 1999,grenada,pale_green,apples,windows,/bin/csh,all
kk4843,kinslee,kill,f,march 24 1996,austria,lavender,raspberries,mac,/bin/tcsh,select
hs5276,halston,shatto,f,september 5 1995,el_salvador,purple,limes,mac,/bin/tcsh,create
aw5979,aline,woomer,f,june 13 1992,croatia,bisque,oranges,mac,/bin/ksh,all
tk6694,taliah,kern,f,june 26 1994,new_zealand,light_gray,cherries,mac,/bin/csh,update
bg4640,bryana,gwinn,f,april 20 1992,iran,medium_blue,avocados,windows,/bin/ksh,execute
lp9103,lilith,politis,f,january 25 1985,iran,papaya_whip,blackberries,windows,/bin/tcsh,all
ls5467,lander,sauber,m,july 15 1992,russia,silver,oranges,windows,/bin/bash,execute
ms4410,malaina,stankus,f,july 1 1998,trinidad_and_tobago,coral,oranges,mac,/bin/csh,create
zl9824,ziquan,lydick,m,may 6 1990,mexico,old_lace,blackberries,mac,/bin/ksh,drop
ke3311,khadija,egolf,f,february 20 1994,bulgaria,pale_turquoise,apples,windows,/bin/bash,update
cg3092,christoph,go,m,november 7 1992,iran,crimson,watermelon,windows,/bin/bash,all
kn6173,kaleia,neville,f,june 21 1993,romania,web_gray,nectarines,windows,/bin/ksh,select
ep4915,elba,pohl,f,october 11 1990,egypt,dark_goldenrod,lemons,windows,/bin/ksh,update
bd7184,bennie,delariva,m,march 15 1994,albania,indian_red,apples,mac,/bin/ksh,execute
ew9740,eldar,wireman,m,september 19 1993,mexico,gainsboro,blueberries,windows,/bin/bash,drop
mb6570,mirely,brabham,f,november 29 1997,angola,tan,strawberries,windows,/bin/csh,delete
sa7462,sieanna,antony,f,september 18 1994,georgia,violet,grapes,windows,/bin/bash,execute
cd1237,cyleigh,deitsch,f,october 18 1986,south_africa,cornflower_blue,nectarines,windows,/bin/bash,update
vd4460,vernon,dones,m,june 24 1991,nigeria,silver,mangoes,mac,/bin/csh,delete
nn8319,nana,neu,f,may 30 1988,vietnam,lemon_chiffon,grapes,windows,/bin/csh,create
nf2641,nyna,flamm,f,february 1 1998,peru,rebecca_purple,cantaloupe,mac,/bin/tcsh,all
fk8121,fuller,keo,m,august 9 1992,pakistan,slate_blue,limes,windows,/bin/bash,update
jr9464,jaclynn,rho,f,august 12 1999,hong_kong,wheat,blackberries,windows,/bin/tcsh,all
ct7983,clove,trautman,f,may 19 1998,chinese_taipei,pale_goldenrod,cherries,mac,/bin/bash,select
np3953,nixie,ponte,f,september 10 1992,bulgaria,linen,cantaloupe,mac,/bin/bash,select
jh7771,jaqueline,harter,f,august 14 1990,israel,moccasin,grapes,windows,/bin/ksh,update
zo8103,ziamara,oberle,f,march 12 1985,russia,dark_sea_green,watermelon,windows,/bin/tcsh,execute
is8483,isabell,schuch,f,october 17 1999,italy,medium_turquoise,plums,windows,/bin/bash,update
cg4767,cortana,gressett,f,august 22 1996,lithuania,cornsilk,bananas,mac,/bin/ksh,update
rw5052,rennick,womer,m,december 19 1999,philippines,azure,avocados,mac,/bin/csh,insert
rc6734,rhyder,claffey,f,july 28 1988,vietnam,green_yellow,mangoes,windows,/bin/csh,all
au1517,athanasia,urbaniak,f,june 11 1998,niger,wheat,blueberries,windows,/bin/tcsh,execute
bs1035,brentleigh,sack,f,january 16 1986,croatia,seashell,blueberries,windows,/bin/ksh,create
ks5235,karlei,schomburg,f,june 24 1990,tunisia,medium_sea_green,raspberries,mac,/bin/ksh,update
cd7133,coralee,dumais,f,february 26 1999,cyprus,dark_gray,lemons,mac,/bin/tcsh,drop
ew9403,eduar,woolman,m,march 11 1996,djibouti,medium_purple,pears,mac,/bin/csh,create
db6949,delanee,brinkmann,f,january 24 1992,poland,lavender,peaches,mac,/bin/csh,all
cu7369,camaria,utterback,f,november 29 1996,el_salvador,violet,peaches,windows,/bin/tcsh,drop
ph2131,pieter,hazen,m,january 5 1993,hungary,medium_turquoise,limes,mac,/bin/ksh,drop
fk3727,fawkes,kash,m,october 15 1987,cayman_islands,medium_sea_green,lemons,windows,/bin/csh,update
nm5139,nimrat,merenda,f,june 28 1987,samoa,misty_rose,grapes,mac,/bin/ksh,all
ms2123,master,suh,m,may 2 1997,puerto_rico,medium_orchid,mangoes,mac,/bin/bash,delete
jg9131,juaquin,gros,m,september 25 1995,chile,lavender_blush,pears,mac,/bin/csh,update
ky4804,kinley,yost,m,april 13 1985,australia,blue,blackberries,mac,/bin/csh,create
je7690,jentri,ewert,f,january 27 1999,uganda,indian_red,strawberries,mac,/bin/tcsh,drop
sh1929,skyler,honda,m,january 30 1991,russia,peach_puff,plums,mac,/bin/bash,all
js6821,jun,sheesley,m,may 13 1991,netherlands,sienna,blueberries,mac,/bin/bash,execute
am7455,arriya,melson,f,february 30 1997,mexico,cyan,strawberries,mac,/bin/tcsh,select
to5136,tyde,overholser,m,march 10 1997,united_states,indigo,pears,windows,/bin/csh,create
tg1761,tyler,gigliotti,m,january 25 1992,cuba,medium_spring_green,plums,windows,/bin/csh,all
ja9771,jayvon,arneson,m,september 20 1994,france,dark_red,mangoes,windows,/bin/tcsh,drop
kg4853,kaveah,guyton,f,july 10 1998,tanzania,silver,watermelon,windows,/bin/bash,drop
el6118,esperanza,lux,f,july 16 1988,belgium,lavender,pears,mac,/bin/csh,create
ml3539,marykatherine,lynne,f,december 22 1991,tunisia,pale_violet_red,apples,mac,/bin/ksh,drop
mg4399,montell,gavidia,m,march 21 1985,north_korea,medium_spring_green,cantaloupe,mac,/bin/ksh,create
mc9689,mellani,coyer,f,april 9 1994,ivory_coast,azure,blackberries,windows,/bin/ksh,insert
ec7696,emmori,cogley,f,november 3 1999,burkina_faso,lime_green,peaches,mac,/bin/csh,delete
kf6801,kalley,fowlkes,f,march 7 1995,tunisia,olive_drab,blackberries,mac,/bin/csh,update
km4875,koi,mcdevitt,m,january 21 1990,grenada,medium_sea_green,strawberries,mac,/bin/tcsh,drop
yg8337,yuchen,grover,m,october 16 1990,portugal,orchid,blueberries,mac,/bin/tcsh,update
cb6253,canaan,baratta,f,may 8 1999,malaysia,yellow_green,watermelon,mac,/bin/ksh,update
dc2317,deigo,craun,m,november 17 1986,chinese_taipei,maroon,nectarines,mac,/bin/tcsh,insert
cn8927,chrislyn,najjar,f,march 20 1992,poland,dark_red,strawberries,mac,/bin/tcsh,create
vq1361,victoire,quayle,f,august 20 1997,great_britain,dark_blue,cantaloupe,windows,/bin/ksh,select
rk2296,raylan,koehler,m,may 1 1987,ethiopia,medium_orchid,pineapple,mac,/bin/bash,select
mw3508,maddox,whipkey,m,january 28 1996,morocco,gold,pineapple,windows,/bin/ksh,all
ab6761,amyriah,beckstead,f,april 25 1987,romania,medium_slate_blue,raspberries,windows,/bin/csh,insert
fm8577,fynnley,mckie,f,july 26 1990,czech_republic,turquoise,peaches,mac,/bin/tcsh,select
ef4457,emrick,flower,m,september 16 1988,australia,light_steel_blue,plums,windows,/bin/ksh,all
nc8194,nyjah,cutlip,m,october 10 1985,indonesia,pale_turquoise,nectarines,mac,/bin/bash,insert
kh1141,khalon,husbands,m,february 24 1985,singapore,green,cantaloupe,windows,/bin/tcsh,insert
ds1862,domanick,southwell,m,may 11 1997,south_korea,cornsilk,oranges,mac,/bin/tcsh,execute
ta9903,tysir,archer,m,august 25 1988,france,snow,raspberries,mac,/bin/bash,execute
vr5524,vena,reade,f,march 15 1990,cyprus,web_maroon,mangoes,mac,/bin/csh,execute
np3813,nieko,prewitt,m,september 15 1990,italy,light_green,plums,mac,/bin/ksh,execute
hh2816,hyder,hearn,m,may 26 1998,iran,cornflower_blue,bananas,mac,/bin/ksh,update
kk1077,kiyanna,kalmbach,f,july 9 1989,morocco,turquoise,cherries,windows,/bin/csh,select
mt5758,maryanne,toal,f,may 17 1994,cuba,olive_drab,cherries,windows,/bin/ksh,insert
jp8442,jonnathan,philhower,m,november 30 1987,venezuela,light_goldenrod,pineapple,mac,/bin/ksh,all
lh3484,lia,hitchings,f,december 13 1998,south_africa,lemon_chiffon,grapes,windows,/bin/bash,execute
eg8550,emmalyn,gartner,f,may 16 1998,uganda,blue_violet,raspberries,windows,/bin/bash,select
rb1747,rivan,bruneau,m,may 25 1990,uganda,forest_green,nectarines,mac,/bin/csh,drop
zl1593,zane,lamorte,m,november 18 1990,cayman_islands,dark_khaki,peaches,mac,/bin/tcsh,update
jb9794,jona,barcus,m,august 17 1986,romania,firebrick,nectarines,windows,/bin/ksh,select
sk4911,syre,kunzler,m,march 26 1993,denmark,honeydew,strawberries,mac,/bin/ksh,update
as1352,amiya,schlecht,f,september 16 1998,germany,green,avocados,windows,/bin/csh,drop
gp2545,genysis,peach,f,march 17 1987,georgia,pale_green,watermelon,windows,/bin/tcsh,update
ed7949,ember,dibble,f,march 5 1991,bulgaria,light_green,cherries,windows,/bin/csh,create
so4317,shyam,overstreet,m,january 26 1996,bahrain,dark_magenta,limes,mac,/bin/csh,select
ls9342,lochlan,shawn,m,november 21 1988,uganda,teal,grapes,windows,/bin/ksh,insert
mc9089,marwa,cermak,f,april 21 1998,morocco,thistle,cantaloupe,mac,/bin/ksh,insert
hc4749,hazleigh,crowder,f,february 10 1991,peru,bisque,oranges,mac,/bin/csh,delete
rd5297,rayshawn,dabney,m,december 28 1997,chinese_taipei,violet,avocados,windows,/bin/ksh,insert
ic9003,ivanna,cockburn,f,april 1 1996,norway,snow,avocados,windows,/bin/ksh,execute
zm7548,zikora,mohl,f,march 20 1989,bahrain,crimson,limes,windows,/bin/ksh,select
zc5225,zoriah,cefalu,f,january 20 1991,trinidad_and_tobago,cornflower_blue,strawberries,mac,/bin/ksh,insert
ec6246,elyjah,cha,m,december 8 1990,argentina,floral_white,avocados,windows,/bin/tcsh,drop
zo5426,zahira,ojeda,f,august 30 1994,colombia,deep_sky_blue,bananas,mac,/bin/tcsh,drop
bk5020,berklie,kleiman,f,january 28 1989,hong_kong,gray,bananas,windows,/bin/csh,select
rb7453,rilynne,bainbridge,f,april 13 1995,ghana,olive_drab,pears,windows,/bin/ksh,execute
mj6867,makinsley,joshi,f,june 23 1997,new_zealand,dark_cyan,cherries,windows,/bin/ksh,select
zs2770,zeyla,stern,f,june 23 1993,qatar,pale_violet_red,peaches,mac,/bin/bash,delete
ac5978,aymar,chaplin,f,january 20 1992,estonia,dark_khaki,nectarines,mac,/bin/ksh,insert
as4892,abass,stangl,m,may 11 1991,hong_kong,dark_violet,cantaloupe,mac,/bin/ksh,delete
rm6334,ryland,mccourt,m,june 16 1985,qatar,white_smoke,blackberries,mac,/bin/tcsh,insert
sp5718,sander,powley,m,july 25 1987,luxembourg,coral,raspberries,mac,/bin/tcsh,select
dj2254,derwin,janiszewski,m,march 3 1992,san_marino,white_smoke,avocados,windows,/bin/tcsh,update
sm4904,sheylin,methvin,f,april 20 1997,india,royal_blue,mangoes,mac,/bin/bash,delete
lm1032,laiken,messier,f,december 29 1995,north_korea,deep_sky_blue,oranges,mac,/bin/csh,update
ks5536,keylen,salaam,f,december 21 1995,san_marino,medium_slate_blue,pears,mac,/bin/ksh,drop
zk1470,zykeem,knudsen,m,february 16 1997,trinidad_and_tobago,gray,limes,windows,/bin/bash,all
nw8417,nilsa,wenning,f,december 18 1991,ukraine,peach_puff,blackberries,mac,/bin/bash,update
nr7542,nyeelah,rump,f,september 17 1985,tunisia,light_yellow,bananas,windows,/bin/tcsh,execute
lb5209,lorynn,bracht,f,october 10 1990,germany,lawn_green,pears,windows,/bin/tcsh,create
bm3916,beth,muha,f,june 1 1985,puerto_rico,indigo,plums,mac,/bin/csh,update
tf8044,talaiyah,fall,f,december 4 1987,sao_tome_and_principe,floral_white,nectarines,windows,/bin/ksh,create
mc3275,maijer,carle,m,may 3 1999,peru,forest_green,mangoes,mac,/bin/ksh,execute
jw8125,jelissa,witty,f,december 6 1986,albania,white,plums,mac,/bin/tcsh,execute
zm3367,zeida,mescher,f,june 12 1989,egypt,lawn_green,watermelon,windows,/bin/bash,all
ab5830,aizen,bartolomei,m,january 22 1998,albania,web_purple,peaches,mac,/bin/csh,all
bl9660,braxson,lepe,m,january 1 1991,belgium,navajo_white,lemons,windows,/bin/bash,drop
am7383,aja,mongeon,f,february 21 1991,kenya,turquoise,limes,mac,/bin/ksh,all
kg7329,khayden,gomillion,m,march 25 1990,north_korea,light_blue,avocados,windows,/bin/bash,select
jh7978,jahvier,hanson,m,march 24 1987,albania,dark_orchid,grapes,mac,/bin/ksh,insert
jf2169,justise,fair,f,october 2 1998,trinidad_and_tobago,navy_blue,plums,windows,/bin/ksh,delete
ag6537,aleesi,glorioso,f,october 28 1990,puerto_rico,pale_goldenrod,lemons,mac,/bin/bash,delete
ka9996,kaiyana,ayers,f,april 1 1992,nigeria,medium_orchid,cantaloupe,mac,/bin/tcsh,drop
ad8259,abagale,demmer,f,august 1 1992,poland,navajo_white,raspberries,windows,/bin/ksh,select
sh4365,shivanya,howle,f,july 11 1998,philippines,light_green,blueberries,mac,/bin/ksh,insert
ao7235,anvita,oum,f,october 3 1987,lithuania,medium_aquamarine,bananas,mac,/bin/ksh,delete
fh5045,fianna,hopping,f,july 21 1985,czech_republic,coral,watermelon,mac,/bin/csh,update
rm9478,rogers,mourad,m,january 7 1996,chad,gold,avocados,windows,/bin/ksh,drop
cw9982,cataleya,widner,f,january 14 1997,ethiopia,dark_magenta,mangoes,mac,/bin/tcsh,all
ro9572,raphael,om,m,march 28 1999,belgium,deep_pink,cherries,windows,/bin/csh,execute
qa2973,quint,armand,m,october 16 1988,liberia,chartreuse,grapes,windows,/bin/tcsh,update
ac9399,ayverie,cogan,f,september 6 1991,burkina_faso,dark_orange,peaches,mac,/bin/ksh,all
kp1249,kaylonni,perkinson,f,august 5 1991,trinidad_and_tobago,ivory,grapes,mac,/bin/csh,insert
ar3062,amri,reiser,f,august 27 1996,norway,violet,nectarines,mac,/bin/tcsh,select
pd9380,poet,diamond,f,april 21 1996,belarus,blue_violet,oranges,mac,/bin/ksh,insert
tp9505,thai,palin,f,july 21 1998,australia,saddle_brown,cantaloupe,windows,/bin/tcsh,delete
ac7790,abednego,cayo,m,february 9 1989,india,medium_aquamarine,oranges,windows,/bin/bash,select
jt5752,jafet,teves,m,september 2 1998,bosnia_and_herzegovina,snow,peaches,windows,/bin/csh,delete
as5166,avryn,scroggs,m,july 15 1998,sweden,peach_puff,cantaloupe,mac,/bin/ksh,select
ms5943,mycah,shreffler,m,july 27 1998,angola,maroon,grapes,windows,/bin/ksh,all
ac7258,amrit,contrera,m,july 30 1992,algeria,violet,bananas,windows,/bin/bash,execute
bv8384,bellamae,vohra,f,march 23 1988,australia,magenta,peaches,windows,/bin/ksh,insert
ar6205,ailee,ridley,f,december 6 1994,singapore,mint_cream,pears,mac,/bin/ksh,delete
br3042,beckam,retzer,m,december 7 1999,czech_republic,slate_gray,mangoes,mac,/bin/csh,insert
le5031,lexon,eichenberger,m,june 22 1994,argentina,spring_green,watermelon,windows,/bin/bash,create
sm9063,synthia,maeda,f,june 9 1989,colombia,light_green,plums,windows,/bin/tcsh,create
cv9207,chi,victorian,f,april 10 1997,burkina_faso,azure,mangoes,windows,/bin/bash,all
al4659,azayliah,lalla,f,may 27 1985,croatia,wheat,blueberries,windows,/bin/ksh,create
er7949,ela,reading,f,august 28 1988,netherlands,aqua,pineapple,mac,/bin/csh,create
em8008,ezmeralda,marcotte,f,september 8 1994,new_zealand,turquoise,strawberries,windows,/bin/bash,insert
ch8718,cartier,hallum,m,april 19 1998,switzerland,medium_spring_green,mangoes,windows,/bin/bash,create
lv8324,laurence,vath,f,may 14 1990,rwanda,dodger_blue,oranges,windows,/bin/csh,delete
es2727,elysa,spiro,f,august 9 1989,bahamas,dark_blue,plums,mac,/bin/ksh,create
tn4086,tora,necessary,f,may 29 1998,switzerland,green,grapes,windows,/bin/csh,drop
ea9272,evelinn,alpers,f,august 15 1987,cyprus,dark_slate_gray,pears,windows,/bin/ksh,update
sl1013,shaden,lockaby,f,november 26 1989,ecuador,honeydew,pineapple,windows,/bin/bash,delete
av4676,ansleigh,villafuerte,f,january 7 1987,israel,dark_cyan,blueberries,mac,/bin/ksh,create
lv5094,lenoxx,vannest,m,september 4 1993,guatemala,plum,mangoes,windows,/bin/tcsh,select
rm7096,ransh,miguel,m,september 18 1995,ghana,floral_white,avocados,mac,/bin/csh,update
kg7388,kasiah,guernsey,f,june 8 1995,namibia,azure,limes,mac,/bin/csh,select
cw5550,celine,weeden,f,december 4 1991,azerbaijan,saddle_brown,blackberries,mac,/bin/ksh,delete
rm9433,rishab,minns,m,september 21 1991,moldova,sky_blue,apples,mac,/bin/bash,create
jo2805,joseph,ortegon,m,june 5 1986,uruguay,yellow_green,pears,windows,/bin/csh,delete
kb9569,kelsea,barcena,f,september 10 1994,germany,peru,pears,windows,/bin/csh,select
lv7268,laynee,vess,f,february 26 1999,moldova,lime,raspberries,windows,/bin/tcsh,drop
tl8021,taylour,lucio,f,september 20 1995,uzbekistan,wheat,strawberries,mac,/bin/ksh,execute
hw1114,harith,wadley,m,june 2 1992,slovakia,dodger_blue,avocados,windows,/bin/csh,create
jm1279,jove,mastin,m,january 13 1989,hong_kong,dark_salmon,pears,windows,/bin/csh,update
zs6904,zacharius,sabato,m,december 21 1986,albania,ivory,pineapple,windows,/bin/tcsh,execute
jp8242,jakin,porco,m,february 11 1999,switzerland,hot_pink,limes,windows,/bin/tcsh,create
ds7380,deanna,sanders,f,march 10 1985,ukraine,gainsboro,watermelon,mac,/bin/bash,update
ck4685,cyncere,kampa,m,september 25 1988,poland,crimson,blueberries,windows,/bin/bash,all
cg8749,conrado,gartin,m,april 28 1999,norway,medium_sea_green,peaches,mac,/bin/ksh,select
kp5265,kamani,petrick,f,september 13 1993,rwanda,orchid,pineapple,mac,/bin/bash,create
wp3130,winry,pauli,f,june 26 1992,tunisia,aqua,grapes,windows,/bin/ksh,all
ks5974,kehlanni,sylva,f,december 14 1989,colombia,light_salmon,peaches,windows,/bin/csh,insert
aa6480,amnah,adjei,f,december 15 1989,the_gambia,floral_white,avocados,windows,/bin/csh,drop
rc3893,rodrigo,coloma,m,august 10 1995,british_virgin_islands,old_lace,apples,mac,/bin/bash,all
aj9758,ahmoni,jetter,f,november 13 1989,cuba,orchid,oranges,mac,/bin/tcsh,create
kt9159,kelis,thammavong,f,july 30 1992,liechtenstein,light_goldenrod,strawberries,mac,/bin/ksh,update
rs7046,renn,southard,f,october 13 1989,bosnia_and_herzegovina,crimson,raspberries,windows,/bin/bash,update
kt7151,kitty,thorp,f,november 3 1990,albania,sienna,cantaloupe,mac,/bin/bash,all
rt7828,racheal,tabb,f,march 12 1994,israel,aqua,avocados,mac,/bin/ksh,create
ag9728,amari,gilbreath,f,december 11 1997,san_marino,dark_blue,raspberries,mac,/bin/tcsh,insert
ka7047,kamile,abshire,f,march 5 1996,fiji,light_sea_green,strawberries,mac,/bin/ksh,all
yd3901,yana,day,f,january 28 1997,portugal,deep_pink,watermelon,windows,/bin/bash,insert
yt1726,yehonatan,tarbox,m,july 9 1993,guatemala,dark_magenta,watermelon,windows,/bin/bash,create
nd6976,november,dauria,f,march 25 1994,india,indian_red,pineapple,mac,/bin/csh,drop
ts6968,tayyib,sowell,m,april 6 1996,bosnia_and_herzegovina,white,watermelon,windows,/bin/tcsh,execute
lh9876,lealani,hodo,f,september 21 1997,uzbekistan,moccasin,avocados,mac,/bin/bash,execute
aw9543,analyssa,warnock,f,august 28 1995,ecuador,beige,apples,mac,/bin/csh,insert
zr1816,zakkary,rotz,m,november 9 1999,australia,dark_green,grapes,windows,/bin/tcsh,delete
jw4937,jayce,weyrauch,m,july 20 1998,qatar,dark_magenta,cantaloupe,mac,/bin/ksh,select
dp4597,daoud,puskar,m,august 2 1987,iran,crimson,plums,mac,/bin/tcsh,all
yh6626,yulianna,heaberlin,f,october 10 1998,el_salvador,dodger_blue,pineapple,windows,/bin/tcsh,delete
ar1092,arlie,roser,f,april 6 1997,croatia,chartreuse,blueberries,mac,/bin/ksh,all
dp7280,diyaa,pastrana,f,january 29 1996,united_states,forest_green,limes,mac,/bin/ksh,execute
yc4721,yordanos,cozzolino,f,december 26 1992,serbia,wheat,blackberries,mac,/bin/tcsh,delete
cm9452,cedar,mires,f,march 9 1985,slovenia,medium_violet_red,grapes,windows,/bin/csh,select
sk1377,sael,killpack,m,may 11 1994,cuba,orange_red,mangoes,mac,/bin/csh,insert
mt2826,marialis,twitchell,f,may 15 1991,france,turquoise,grapes,windows,/bin/bash,create
cr7569,cleopatra,rempel,f,june 8 1993,botswana,turquoise,cantaloupe,mac,/bin/ksh,update
ag1841,airam,germain,m,april 4 1986,nigeria,lime,plums,mac,/bin/csh,delete
rc2964,rosario,capper,m,march 29 1985,great_britain,dark_olive_green,grapes,windows,/bin/bash,drop
te1728,theodor,eyster,m,march 21 1985,slovakia,light_goldenrod,raspberries,mac,/bin/csh,drop
ed1210,elliani,defalco,f,march 25 1988,ivory_coast,medium_blue,grapes,windows,/bin/ksh,update
rr6124,rithik,rumple,m,june 25 1994,djibouti,medium_blue,avocados,mac,/bin/csh,all
jw1651,jakhi,withee,m,may 17 1996,norway,dark_green,lemons,mac,/bin/csh,drop
mw9820,momodou,warman,m,august 22 1994,peru,tomato,mangoes,mac,/bin/bash,insert
av3724,alesana,valvo,f,september 15 1990,canada,dark_turquoise,lemons,mac,/bin/tcsh,insert
od8495,omario,dessert,m,may 5 1999,djibouti,medium_sea_green,watermelon,windows,/bin/bash,execute
tn4862,tyndall,najarro,f,march 8 1987,bosnia_and_herzegovina,steel_blue,lemons,windows,/bin/tcsh,drop
ag4475,arvind,gravel,m,june 21 1991,morocco,light_blue,pineapple,windows,/bin/tcsh,update
ac3739,aoi,chevere,f,april 30 1987,costa_rica,indigo,raspberries,windows,/bin/bash,create
ss2156,sammy,sipes,m,january 21 1995,fiji,light_pink,nectarines,mac,/bin/csh,insert
bs2954,brook,skelton,m,march 3 1989,czech_republic,misty_rose,grapes,mac,/bin/csh,all
cc4415,clayten,chalk,m,november 26 1998,india,thistle,lemons,windows,/bin/tcsh,all
dr7965,damyiah,ruffo,f,august 24 1996,el_salvador,powder_blue,limes,windows,/bin/ksh,insert
rc7690,rileyann,chica,f,november 8 1992,south_africa,aquamarine,mangoes,windows,/bin/csh,all
kr3532,kamaiyah,roquemore,f,march 3 1998,mexico,violet,peaches,mac,/bin/bash,update
dr7415,dariya,remache,f,july 26 1996,costa_rica,blue_violet,limes,windows,/bin/bash,insert
zk6691,zeinab,kozicki,f,may 10 1985,kazakhstan,lawn_green,cherries,windows,/bin/ksh,delete
cs6361,carlynn,scheffler,f,september 8 1994,tanzania,green,grapes,windows,/bin/ksh,create
ab1669,azlaan,barrs,m,january 8 1995,sweden,medium_blue,oranges,windows,/bin/csh,insert
ff8913,fenix,fulkerson,m,september 9 1996,cayman_islands,dark_olive_green,pears,windows,/bin/csh,select
fd5399,fletcher,diab,f,october 25 1993,sao_tome_and_principe,cyan,avocados,mac,/bin/tcsh,drop
cg7092,charisma,gillikin,f,november 1 1998,bahrain,lime_green,avocados,mac,/bin/ksh,drop
rh3341,riot,hong,f,december 8 1991,ivory_coast,navy_blue,nectarines,windows,/bin/csh,drop
ms7215,mykaela,sego,f,january 22 1990,grenada,peru,peaches,mac,/bin/bash,create
rr1633,rosalba,rimes,f,october 1 1993,ivory_coast,lime,limes,windows,/bin/tcsh,all
ep8033,ellarose,pearsall,f,october 1 1985,moldova,medium_violet_red,watermelon,windows,/bin/csh,create
kc6643,kember,cuellar,f,october 20 1993,india,dark_olive_green,cherries,windows,/bin/csh,select
dd7362,dayton,dana,f,july 6 1985,bosnia_and_herzegovina,light_sea_green,nectarines,windows,/bin/bash,insert
nm6497,natsumi,milewski,f,august 29 1998,canada,dark_magenta,limes,windows,/bin/tcsh,update
jn5169,josef,nations,m,january 28 1995,chile,coral,pineapple,windows,/bin/tcsh,insert
kl9224,kumar,lippold,m,august 2 1997,denmark,olive_drab,bananas,mac,/bin/tcsh,drop
al7545,annalena,liz,f,july 29 1986,niger,powder_blue,oranges,windows,/bin/ksh,update
nh5947,natasha,hellman,f,december 7 1995,canada,steel_blue,mangoes,windows,/bin/csh,create
jf6632,jayelle,firman,f,october 21 1991,bulgaria,dark_salmon,watermelon,mac,/bin/tcsh,delete
bb1487,bobby,beidler,f,january 21 1998,north_korea,yellow_green,peaches,windows,/bin/tcsh,delete
oc6537,ola,chon,f,december 21 1993,angola,dark_olive_green,bananas,mac,/bin/bash,all
bv1262,bessie,villalva,f,july 12 1997,ireland,web_green,grapes,windows,/bin/csh,select
ja3359,jaziah,alcantar,m,december 7 1993,canada,antique_white,limes,mac,/bin/bash,create
ss9816,saban,sedlock,m,march 21 1997,russia,light_slate_gray,avocados,mac,/bin/tcsh,select
gz5723,garnet,zenon,f,may 12 1986,singapore,khaki,apples,mac,/bin/csh,insert
bl7601,brynli,lipps,f,november 22 1993,niger,aqua,pineapple,windows,/bin/tcsh,create
mp9736,majesty,panella,f,march 5 1997,liberia,rebecca_purple,limes,windows,/bin/ksh,insert
rn5896,romere,nickell,m,september 11 1992,uzbekistan,forest_green,blackberries,mac,/bin/ksh,drop
gr4335,gianny,raimondi,f,december 20 1993,vietnam,light_cyan,strawberries,mac,/bin/ksh,insert
cm2040,carine,meagher,f,september 13 1985,japan,sienna,raspberries,mac,/bin/bash,execute
zm4738,zeandre,memmott,m,september 10 1985,ivory_coast,medium_spring_green,mangoes,windows,/bin/ksh,execute
af3494,amy,fei,f,march 18 1996,italy,light_cyan,lemons,mac,/bin/ksh,create
jb4658,jaylianis,babic,f,march 26 1987,greece,medium_purple,watermelon,windows,/bin/csh,insert
wv3818,waris,vanderwall,m,february 11 1996,iceland,saddle_brown,cantaloupe,windows,/bin/ksh,drop
mm5324,millard,mirabile,m,march 7 1985,indonesia,tan,blueberries,mac,/bin/bash,update
ih2076,iosefa,hollin,m,september 22 1997,finland,orange_red,nectarines,mac,/bin/csh,drop
zl7779,zalaiyah,litt,f,july 23 1996,romania,magenta,nectarines,windows,/bin/tcsh,execute
pc8180,preston,constancio,f,august 20 1985,canada,medium_violet_red,strawberries,mac,/bin/bash,all
mm8876,maame,mackowiak,f,march 25 1988,kazakhstan,aquamarine,watermelon,mac,/bin/ksh,update
am3189,ayaz,mickelson,m,april 24 1992,romania,dark_orchid,blueberries,mac,/bin/csh,all
mm2002,munirah,moscato,f,august 16 1989,guyana,chocolate,nectarines,windows,/bin/tcsh,delete
ng1717,nikoa,guereca,m,april 25 1985,ivory_coast,dark_sea_green,avocados,windows,/bin/csh,insert
mh2087,maloni,haun,f,may 14 1993,guatemala,light_cyan,peaches,windows,/bin/tcsh,create
ks7529,kingson,strawn,m,december 27 1985,burkina_faso,saddle_brown,mangoes,mac,/bin/bash,insert
sg7489,shrija,guilbeau,f,september 18 1999,rwanda,lawn_green,strawberries,windows,/bin/tcsh,update
cp9246,copper,parkhurst,m,january 29 1989,romania,orange_red,cherries,mac,/bin/tcsh,create
ht7802,harmonee,terpening,f,june 3 1993,indonesia,light_salmon,blueberries,mac,/bin/bash,delete
mb9729,miko,basulto,f,january 27 1996,greece,dark_magenta,watermelon,mac,/bin/ksh,create
nb5435,nyzier,beshara,m,may 10 1992,ukraine,royal_blue,strawberries,windows,/bin/ksh,create
ha6996,haidy,alexandre,f,april 29 1996,romania,sandy_brown,blueberries,mac,/bin/csh,create
ss9391,scotti,siedlecki,f,december 22 1989,eritrea,medium_turquoise,mangoes,mac,/bin/csh,drop
sc4493,sameer,campisi,m,january 25 1996,niger,medium_blue,plums,windows,/bin/csh,drop
gs8067,giannina,sivakumar,f,august 30 1988,czech_republic,tan,limes,windows,/bin/tcsh,execute
td1183,terrance,degroff,m,january 5 1985,russia,aqua,blackberries,windows,/bin/ksh,update
aw5372,akari,wilder,f,august 5 1999,thailand,light_sky_blue,avocados,windows,/bin/ksh,all
dw8366,davia,witherell,f,november 23 1998,namibia,gold,limes,windows,/bin/tcsh,insert
aw8460,alaynah,wagaman,f,october 9 1991,zambia,tan,oranges,windows,/bin/tcsh,insert
ch6975,criss,hallstrom,m,february 17 1986,liberia,blanched_almond,pears,mac,/bin/csh,select
le1499,leti,ewan,f,march 30 1992,venezuela,white,peaches,mac,/bin/csh,execute
di9917,denzel,irizarry,m,june 25 1996,ireland,khaki,strawberries,mac,/bin/tcsh,execute
hs1019,hazelee,sanjuan,f,june 11 1995,azerbaijan,peru,nectarines,mac,/bin/ksh,drop
av4744,anaika,vrooman,f,july 9 1993,north_korea,salmon,apples,mac,/bin/tcsh,insert
bg1709,blayne,germano,m,december 11 1998,grenada,lawn_green,blueberries,windows,/bin/tcsh,delete
co2984,constantina,ost,f,october 19 1993,poland,sky_blue,raspberries,mac,/bin/bash,select
bf5337,broox,fiene,m,may 29 1996,chad,pink,pears,mac,/bin/bash,create
ss8849,skyelar,senko,f,january 9 1987,cayman_islands,sea_green,nectarines,mac,/bin/csh,delete
pc5177,phabian,carchi,m,september 10 1989,san_marino,medium_sea_green,mangoes,mac,/bin/ksh,update
kl7835,kenechukwu,lagomarsino,m,april 21 1994,liechtenstein,chartreuse,bananas,windows,/bin/tcsh,create
ap2523,alexy,perales,f,august 23 1987,kuwait,lavender,apples,windows,/bin/csh,select
yb5571,yohana,burrell,f,january 15 1992,ivory_coast,dark_turquoise,avocados,windows,/bin/tcsh,drop
or9624,olaf,rini,m,march 20 1991,samoa,wheat,strawberries,mac,/bin/tcsh,execute
pk5998,pike,kassner,m,may 21 1993,ivory_coast,sandy_brown,grapes,mac,/bin/tcsh,drop
ap1001,aeiress,purpura,f,january 12 1995,namibia,powder_blue,lemons,mac,/bin/ksh,drop
mp4610,makylah,parke,f,april 21 1991,burundi,rosy_brown,watermelon,windows,/bin/tcsh,drop
jl9102,janee,larimer,f,february 19 1996,great_britain,dark_orchid,raspberries,mac,/bin/ksh,execute
zb9959,zayquan,bleeker,m,august 2 1990,united_states,lime_green,blueberries,mac,/bin/tcsh,all
ds2403,devan,staggers,f,september 27 1989,iceland,moccasin,nectarines,windows,/bin/csh,insert
ep8568,elira,pinedo,f,april 4 1992,new_zealand,violet,cantaloupe,windows,/bin/csh,all
lw4980,leonila,wirick,f,september 21 1987,japan,web_gray,watermelon,windows,/bin/tcsh,execute
ka4181,kruze,arden,m,april 4 1985,poland,medium_purple,pears,windows,/bin/tcsh,delete
zf6740,zay,fellman,m,october 1 1992,sweden,ivory,nectarines,mac,/bin/tcsh,select
zr3183,zahara,reinsch,f,august 25 1985,bulgaria,dark_violet,pears,mac,/bin/bash,update
lw4433,laverne,wait,m,november 1 1993,tunisia,light_green,pineapple,windows,/bin/ksh,create
mb6872,midhuna,boatright,f,august 2 1993,belarus,dark_magenta,cherries,windows,/bin/bash,delete
rc3727,rameir,coutts,m,february 25 1991,israel,rosy_brown,peaches,windows,/bin/csh,update
kt7685,kylene,theobald,f,july 13 1987,botswana,dark_olive_green,blueberries,mac,/bin/tcsh,insert
hs3425,henryk,stueber,m,december 18 1985,the_gambia,old_lace,strawberries,mac,/bin/csh,execute
sp1686,shraga,panuco,m,september 11 1999,tanzania,crimson,pears,windows,/bin/tcsh,execute
ls4461,livie,salzman,f,january 10 1986,turkey,black,bananas,windows,/bin/ksh,delete
ln5278,lianni,nitta,f,february 18 1999,north_korea,mint_cream,watermelon,windows,/bin/tcsh,all
vb8330,vahn,borrero,m,january 7 1997,malaysia,dark_violet,limes,windows,/bin/csh,select
dm9578,daraly,maqueda,f,december 1 1994,puerto_rico,dark_goldenrod,grapes,mac,/bin/tcsh,drop
wl2586,waverly,lizardo,m,november 21 1999,cayman_islands,navy_blue,blackberries,mac,/bin/ksh,execute
nr1483,noela,roys,f,may 7 1989,niger,slate_gray,avocados,mac,/bin/tcsh,drop
cl3910,caraline,lubas,f,may 1 1991,ireland,aquamarine,blackberries,windows,/bin/ksh,all
dp6736,dawsyn,pierotti,m,june 7 1998,poland,peach_puff,lemons,mac,/bin/ksh,create
