am5524,antonin,murga,m,october 20 1998,poland,dark_slate_blue,cantaloupe,mac,/bin/bash,insert,bf10b324e7b2338e0ac4246ad0fd4b51  -
bm9749,baldomero,marvel,m,june 30 1990,portugal,azure,blackberries,mac,/bin/tcsh,drop,892a714931203ba5e46e2e1f1ef4cc54  -
el7634,exodus,lappe,m,october 22 1987,burundi,alice_blue,lemons,windows,/bin/tcsh,select,67eb68df6577148f863af0bc3625ee1a  -
gc2142,gianno,callihan,m,february 5 1985,bangladesh,brown,watermelon,windows,/bin/ksh,update,90a4ffadd081f487012cfdf28fc877da  -
mv3817,mouctar,vigeant,m,march 22 1985,cyprus,crimson,lemons,mac,/bin/csh,create,2e6d26e794ffc9d52d02e11c39e7f665  -
ks8827,kalem,stlouis,m,june 1 1992,barbados,wheat,blueberries,mac,/bin/csh,create,d376fb20a9268890a5baa19dc89d9c20  -
jp8557,jiho,pressnell,m,october 11 1988,chad,royal_blue,pineapple,mac,/bin/tcsh,delete,c284b54ba4d204c332892f55b2305a26  -
ic6794,icarus,costantino,m,july 6 1998,el_salvador,gray,apples,windows,/bin/tcsh,execute,e5b67590fdcb635fcfb3e650f418113c  -
an2360,arcangel,nevills,m,september 23 1990,serbia,dim_gray,raspberries,windows,/bin/bash,update,d651664101ff9e50fc9f5ee5770ecd12  -
zs6875,zavior,shunk,m,october 23 1989,kenya,medium_orchid,blackberries,windows,/bin/csh,create,69a1019d17a90f3d8861ffa2ed448413  -
dk9495,dallyn,knebel,m,april 9 1992,the_gambia,light_blue,nectarines,windows,/bin/csh,select,aca1cd7062aee9663c42bc7ccfe8f6e2  -
nb3160,najib,baten,m,may 4 1988,uganda,light_yellow,blueberries,mac,/bin/csh,update,40e7e15941db5d01511c862c553c759a  -
bt8360,brayner,tull,m,october 24 1998,malaysia,orchid,lemons,windows,/bin/csh,create,ba30760612a1de280dd97e3d43ff2d18  -
dm1994,deshawn,matheson,m,october 2 1998,ivory_coast,tomato,watermelon,mac,/bin/ksh,create,72715ebd8646915a0e5eb4ec9b027290  -
ks7766,kyere,solley,m,september 26 1991,switzerland,lime_green,plums,mac,/bin/ksh,all,51f09555638283eae16e347c779317ee  -
rb5821,riyaz,burd,m,april 1 1991,san_marino,green_yellow,grapes,mac,/bin/tcsh,update,a47945e7446129c3523ff7ce91c10885  -
jl8034,jehu,lagreca,m,september 19 1989,estonia,light_yellow,raspberries,mac,/bin/csh,select,72ab514cc1e7b488df7b86a84dec6797  -
os7312,odera,stasko,m,december 5 1985,turkey,saddle_brown,strawberries,windows,/bin/ksh,update,7807026b280e561ba632634e980ad7ae  -
ev9375,eston,vanderford,m,january 18 1985,slovenia,medium_turquoise,strawberries,windows,/bin/tcsh,drop,5eb34df55784eda4bfb8da5fdd02a0eb  -
bc6408,bryton,chaffee,m,september 17 1991,luxembourg,coral,peaches,mac,/bin/csh,insert,0b716ba86f8162ff056677b6adb219ba  -
am4516,alon,mahony,m,january 5 1996,denmark,beige,plums,mac,/bin/tcsh,delete,91c9e197c3e8a011df73a89c15f50b07  -
ll4733,lonzo,langan,m,september 13 1993,cyprus,ivory,apples,windows,/bin/csh,update,b364d60913e701d494e176f912f59412  -
lc3973,leif,chapdelaine,m,march 12 1986,pakistan,peru,lemons,windows,/bin/csh,all,7b85304a95811c68b541c3f9bd03ec6e  -
mk6202,mohammed,keech,m,january 8 1997,jamaica,lavender,mangoes,mac,/bin/csh,delete,f428618e8dd1bcebe96676ba872ac89e  -
lo3607,lihan,ormsby,m,may 2 1985,slovenia,light_gray,cherries,mac,/bin/ksh,execute,32b28717156d7b26b2306c79cf225842  -
vl2872,virgilio,lucus,m,february 19 1997,egypt,dark_green,blueberries,mac,/bin/csh,insert,7bbf731b649252d7de95dace913dbdac  -
am1972,aemon,myler,m,july 4 1985,ghana,plum,blackberries,windows,/bin/tcsh,drop,500cba1ecbcd353806145de21a634ba3  -
sk3475,siddarth,kirk,m,june 5 1991,thailand,dark_slate_gray,blackberries,windows,/bin/ksh,delete,4a7590a04287f3bd1a747238c4b59413  -
tz6647,tayvien,zubiate,m,march 19 1996,slovenia,white_smoke,pineapple,windows,/bin/tcsh,update,60ed3242a8005b37722d252f2017977a  -
yr3940,yuvansh,rhodes,m,september 27 1986,philippines,lavender,limes,mac,/bin/csh,execute,9e57204d80c2524f98cd820009d78ca7  -
tm8970,theseus,markert,m,april 8 1987,tanzania,honeydew,lemons,windows,/bin/csh,drop,171255d37021dff63d836edb721c9faa  -
em4452,ezeriah,mcfaul,m,july 22 1985,chile,violet,strawberries,mac,/bin/csh,update,e791f45829a58ff1212cac4c93c98363  -
rb5445,ruxin,battersby,m,august 15 1990,australia,dark_blue,apples,windows,/bin/tcsh,all,e7de27d113637a1e2fde6127669d2dab  -
tm7987,taeden,moen,m,march 9 1993,ivory_coast,magenta,nectarines,mac,/bin/ksh,update,07035a8a0d2288f9456649b44ba0c256  -
zf2650,zan,fierros,m,may 2 1987,hungary,aqua,cherries,windows,/bin/ksh,update,10ad0c03c901d620e5c21997703af421  -
ns1882,nadeem,seraphin,m,april 18 1990,finland,floral_white,blackberries,windows,/bin/csh,execute,3067759a71cfaa03098eafcaff8ac946  -
bl4095,baer,lafontaine,m,august 20 1988,serbia,pink,grapes,mac,/bin/tcsh,create,3844bb3dac30b0dd1a3d4353ee8989ec  -
og8110,ozwald,guenthner,m,june 8 1991,kazakhstan,dark_slate_blue,pears,windows,/bin/bash,update,96709bce562f3bb3ef18ff728d301d35  -
db6636,dymir,barg,m,march 27 1998,guatemala,green,avocados,mac,/bin/tcsh,select,1696bf2380f71bbc1906738bcf25cef4  -
tc1253,taysom,chapple,m,november 11 1986,thailand,dark_red,raspberries,windows,/bin/csh,drop,b1cde6ab5ace61c2d9ba2c62e11c4776  -
sa1179,sayvon,askin,m,december 6 1988,qatar,green,cantaloupe,windows,/bin/csh,delete,321a93002a0180ad03809a6304547c50  -
rl6393,rashaud,layfield,m,may 21 1998,norway,light_sea_green,watermelon,windows,/bin/bash,all,6081daf48662a0ec28aa8219f52bed52  -
bc3476,bohden,cashion,m,july 2 1994,france,thistle,cherries,mac,/bin/csh,create,921bcc26d9a3bff0339f1e7423235b36  -
fy2002,ford,yorke,m,july 19 1991,new_zealand,moccasin,grapes,windows,/bin/ksh,execute,b6ec18b0281e9530a2966b95c5a2d54d  -
ac9338,adrin,colocho,m,january 25 1989,cyprus,slate_blue,pears,mac,/bin/ksh,drop,b7c2082d7ac51de7dbb042fbefc8ec16  -
kv6228,kayn,vallejos,m,april 17 1988,thailand,dark_cyan,pineapple,windows,/bin/csh,execute,043a6eba4cfe0fa4ca3c5dca7abb68aa  -
jm3556,jahlani,mitchener,m,december 12 1992,philippines,web_maroon,pears,mac,/bin/csh,create,3a478a21c8f452329492129ef8d51a0e  -
fg5156,franklyn,gebhart,m,august 28 1990,luxembourg,aqua,strawberries,mac,/bin/ksh,select,73dd971e4a7cde9d3e9f5b52c57a6ffc  -
jn2101,josedavid,northrup,m,july 3 1998,uzbekistan,slate_gray,watermelon,windows,/bin/tcsh,delete,a4b9ca186ab358056fb0cead3265c1ae  -
kr8435,kenard,rigney,m,october 7 1993,georgia,cadet_blue,pineapple,mac,/bin/bash,create,e3abc50708b2a0285f98ce5114b04391  -
mw6233,markos,waltz,m,july 19 1986,zambia,aqua,cantaloupe,windows,/bin/csh,all,8c42690a259e7647b2fda5cc1ed17ed7  -
dl5318,donta,lankford,m,june 3 1989,singapore,rosy_brown,peaches,mac,/bin/ksh,all,3d66b845d252664af4945282954fc74b  -
jh8011,jaxen,honer,m,december 20 1985,guatemala,dark_slate_gray,cantaloupe,windows,/bin/ksh,create,b42cda5f51d3947a880d803e7c9de25c  -
cl4679,caston,luthi,m,march 12 1995,iceland,ghost_white,plums,mac,/bin/ksh,select,eb77502902e4c124f40548e7da8d89a5  -
yh8507,yidel,heal,m,january 28 1987,iceland,peru,avocados,mac,/bin/ksh,execute,850ddb53fc44b9e4f9d4156fb7dda64d  -
mm2453,mohamedali,marquina,m,october 21 1993,norway,crimson,limes,windows,/bin/bash,execute,27bcf9be058f7396aea7a6961a01b8eb  -
ew4782,elan,wyche,m,october 27 1988,australia,dark_magenta,lemons,mac,/bin/bash,select,5ac0c7abd3442e589a9f8b88c4877a8c  -
dr4246,delrico,raghavan,m,july 14 1985,burundi,dodger_blue,nectarines,mac,/bin/csh,create,b5916534ef17a1438b58abae9f848343  -
kv9368,kartell,vlach,m,april 15 1995,romania,red,oranges,windows,/bin/bash,update,d2c24cdefb0c7fbb1059bb8e31f3e4de  -
gf9088,gaetano,frain,m,november 18 1992,hungary,sandy_brown,avocados,mac,/bin/bash,execute,f9a227c630287e6a0c49e3c0ec8ef096  -
rl4950,raeden,ludden,m,august 5 1990,brazil,pale_green,limes,windows,/bin/tcsh,insert,f26a06a3b6efbce794c09d6720beb2bb  -
bi7595,brogan,ivery,m,december 14 1996,austria,light_slate_gray,bananas,windows,/bin/ksh,update,4e9982a57807dab46b11eb4d7aa779ee  -
da9768,dawayne,arterburn,m,september 11 1991,burkina_faso,light_goldenrod,pineapple,mac,/bin/bash,create,7c25435ebb8ea88373d2755d1129f40e  -
dt8561,dishan,tringali,m,september 27 1998,thailand,medium_spring_green,cherries,windows,/bin/bash,update,a42a932abcf9a41cd65dbfa074a16100  -
bt2828,bayan,tauer,m,september 16 1993,china,bisque,blackberries,mac,/bin/tcsh,create,6cc83583a9deea56aa3ef1b90c065d73  -
rt9302,reynolds,thrush,m,march 20 1986,belarus,forest_green,lemons,mac,/bin/tcsh,delete,b5267be2f5b4eb735ec4f7d1ec23724d  -
ah7642,aaryansh,hase,m,september 7 1997,mongolia,fuchsia,mangoes,mac,/bin/tcsh,update,2f64c9349e2aaf716f3bcdfe05c813d8  -
mk4752,myshawn,krentz,m,december 26 1989,venezuela,blue_violet,cantaloupe,mac,/bin/tcsh,select,997e5dcb45867ab26fef01785b067809  -
ab1508,amani,bosquez,m,november 12 1994,latvia,web_gray,pineapple,windows,/bin/ksh,insert,734d6e8deca87477b4bfa028de84e1f3  -
tp9251,tadgh,pieri,m,february 12 1987,tanzania,cadet_blue,plums,mac,/bin/ksh,insert,f354c3999544b7f3828c7c6116a6ab1c  -
cw7998,clarkson,wyles,m,october 6 1997,costa_rica,aqua,pineapple,windows,/bin/tcsh,create,8bb9e30e16f9e73475638e233fde8b00  -
mf3077,mato,fenster,m,january 21 1998,singapore,light_salmon,raspberries,windows,/bin/bash,create,3a431c40524b110d4c457dc8771e5cdc  -
kl4372,kairan,leal,m,may 23 1997,philippines,slate_blue,nectarines,mac,/bin/csh,delete,c5c59d2862aa8039b23221abb7d869fd  -
uw8224,urban,wagers,m,may 8 1988,china,antique_white,pineapple,windows,/bin/bash,create,435e7d77407a7f4fdc12ceb14af3ea67  -
nt6672,nabeel,topete,m,july 8 1998,azerbaijan,antique_white,cantaloupe,mac,/bin/bash,execute,9647cd63b2b46da28cc097d7007da0a5  -
kb9072,kashden,beamish,m,april 11 1999,san_marino,saddle_brown,lemons,mac,/bin/tcsh,create,1aab69dca9a159c4f68ba29e482d7be5  -
tb7113,tai,boy,m,november 5 1996,chad,dark_slate_blue,strawberries,mac,/bin/csh,insert,a5801fba17deabd7a38d08928d084dd7  -
tb5419,taylan,boyer,m,march 30 1991,germany,dark_salmon,blueberries,mac,/bin/bash,create,3f26296226c0ff755afac4cee0fdf8c4  -
es7883,eastin,sims,m,november 16 1987,niger,khaki,lemons,windows,/bin/tcsh,drop,fc8a829a81d11db08198080e1a3886e0  -
st2519,strider,ton,m,november 21 1992,bahamas,ivory,peaches,windows,/bin/csh,delete,b9c7ed6ec7a7f83c00a55cde33cadd15  -
bp1527,bronson,pingree,m,october 10 1990,italy,slate_blue,lemons,windows,/bin/csh,delete,f6da012157ae60a1e6dc1d96bef1b56a  -
sw9187,sutton,whitehurst,m,may 27 1988,chile,forest_green,nectarines,windows,/bin/csh,delete,68f2ffa9bbd5c93657e851d75e3a8142  -
cs4506,caden,scranton,m,march 2 1993,san_marino,medium_turquoise,pears,windows,/bin/csh,delete,e1e7dd290e7e9adbeab5ed1898bbbb1a  -
ea1764,elios,albornoz,m,september 4 1994,albania,light_steel_blue,pears,windows,/bin/bash,insert,81220c0f67e28d8b8ad1e877dc8ac94c  -
jj8406,jeremiyah,jacobo,m,april 25 1988,cyprus,indigo,grapes,mac,/bin/tcsh,update,0fa0b2bc2678a268dca0c46115a8fa69  -
dd1414,donte,dogan,m,november 26 1988,netherlands,maroon,mangoes,windows,/bin/ksh,select,f9dfab54cf41dafed50475a5dbcbb9c7  -
tp6211,taren,parfait,m,july 19 1992,bahrain,red,blackberries,windows,/bin/bash,update,a2571e66c7102b3d11a31066e98f42a7  -
kd6627,kacion,danielsen,m,december 21 1990,azerbaijan,cadet_blue,cherries,mac,/bin/bash,drop,231eb9273a7fad04079eaa4345460f51  -
rc1599,rebel,check,m,february 16 1992,ecuador,dark_salmon,blueberries,windows,/bin/tcsh,insert,22b37be21b90a2e90d0f72005717a3a9  -
ac2721,anil,coonce,m,august 10 1999,germany,floral_white,raspberries,mac,/bin/tcsh,update,ded46b69b0e516e831b451bfc3ee8db1  -
jy1101,javarious,yeats,m,july 6 1987,denmark,dark_goldenrod,nectarines,mac,/bin/tcsh,delete,81e827cafb6ed57646ece8318ba70641  -
aw4970,arjun,winters,m,may 23 1994,serbia,wheat,plums,mac,/bin/ksh,drop,309f2302b177f2226905dbdc27c1f3cb  -
sf9958,sabian,first,m,july 5 1987,guatemala,seashell,lemons,windows,/bin/csh,update,431835eeb939227b43f9784176b5dc27  -
ca1461,cylas,arai,m,february 9 1995,moldova,web_gray,apples,windows,/bin/ksh,all,ce16a5c8dda7d00a4f07322e88dd2fc3  -
ad5851,awad,dorsey,m,february 20 1988,liberia,dark_goldenrod,bananas,windows,/bin/ksh,insert,d695ba9bf43d7b1d76de698b5b29be9d  -
ka8900,kashdon,angeles,m,december 2 1994,cuba,steel_blue,nectarines,windows,/bin/csh,insert,827d1777fa43e5c879de823b8dfab437  -
bs8741,bryshon,sager,m,august 20 1998,azerbaijan,indian_red,grapes,windows,/bin/bash,insert,de5b66346e6936d99daca99680b71c40  -
bs2855,boone,stoughton,m,december 8 1987,belgium,lemon_chiffon,grapes,mac,/bin/tcsh,all,38e3406d411538164522ccbebbee8c46  -
rb3827,raiyan,brailsford,m,november 1 1987,italy,lavender_blush,strawberries,windows,/bin/ksh,update,68a1667021f7e134e963af82466ac27c  -
cd3781,codie,drolet,m,february 6 1989,liechtenstein,beige,nectarines,windows,/bin/bash,drop,27280efb9f4c94b163b5867e3b360786  -
ml5642,mishael,leventhal,m,october 23 1999,angola,indigo,nectarines,mac,/bin/tcsh,execute,96a0ff6518e6a0ea212b6d4e6a4a704d  -
kt2770,kiser,toops,m,april 11 1988,australia,dark_goldenrod,cantaloupe,mac,/bin/ksh,execute,9392a34bd9df0c2688a48b81cfc69498  -
dr3555,diyan,riedl,m,may 18 1996,iran,light_steel_blue,cantaloupe,windows,/bin/bash,execute,c65c10b0a6822a3aec6b2915ea8e39e9  -
kc3592,kaidynce,crombie,m,march 2 1985,slovakia,firebrick,bananas,mac,/bin/tcsh,delete,feea4a8bd9b7fcc71d81ef66d64efb0e  -
ch8600,cope,hudspeth,m,november 9 1998,bahrain,sienna,blueberries,mac,/bin/ksh,drop,f39d86887048c03012169c491d8bf90a  -
el9292,euan,leibowitz,m,august 15 1988,the_gambia,brown,watermelon,windows,/bin/csh,delete,d39dedf735ac4d982e4aa3165860e04b  -
lm4863,lang,mullenix,m,march 25 1998,georgia,goldenrod,mangoes,windows,/bin/bash,insert,0d92ca03feac55c693243f595fd94af8  -
cp2617,chadwick,porath,m,july 18 1996,trinidad_and_tobago,indigo,apples,windows,/bin/ksh,create,8b5ee0a6568d12ca7f4ce2b483361f0a  -
sc8796,sadiq,cayton,m,october 7 1994,thailand,rosy_brown,pineapple,mac,/bin/ksh,execute,93c60919e284b246a1b30948215b7485  -
dd1611,dimari,danek,m,january 5 1998,finland,silver,pineapple,mac,/bin/csh,update,bd9134bf671671e92077e3590de26e16  -
jw3928,joe,weatherman,m,november 28 1991,ethiopia,dodger_blue,cantaloupe,mac,/bin/bash,delete,edc8af7ac4dfe3faaa297e0b2dbd94cb  -
kw8956,kyzier,watts,m,december 19 1991,mongolia,silver,pineapple,mac,/bin/ksh,delete,db4abc59f059876706c7e902d376fb51  -
gb6038,gorden,byars,m,october 7 1992,serbia,light_sky_blue,blueberries,windows,/bin/csh,delete,81d1157a8cc323995b6ceb665e6d49b8  -
sh5016,solomon,hille,m,march 20 1993,vietnam,dark_violet,strawberries,mac,/bin/bash,update,4f2e9546a564bf4b5ed2083fc530971a  -
rw6558,reagan,wakeman,m,june 6 1988,portugal,lawn_green,oranges,mac,/bin/ksh,insert,40db0ac16729d82b4519b30ba47ac007  -
jc4930,javonte,channel,m,november 11 1990,nigeria,dark_sea_green,bananas,windows,/bin/ksh,insert,4a03a2e667a96d5fc954b8f807ac52bf  -
av7759,aloniab,velis,m,december 28 1985,ivory_coast,cornsilk,blueberries,windows,/bin/csh,insert,e5d4dbe10fc79ea2d914b3ce94727dfa  -
sr7445,samarth,ringel,m,june 12 1988,denmark,lavender_blush,grapes,mac,/bin/csh,create,896a891f1230bf8cc8e3b69c0185e42a  -
pg8821,pranit,gresko,m,april 15 1992,jamaica,gold,mangoes,windows,/bin/bash,all,90220d8d084a2aa7b720699bab9f981d  -
db1055,darby,barcenas,m,january 10 1993,bahrain,web_green,cherries,windows,/bin/csh,insert,19799ac94cf98f600945a80ec6ee2543  -
hb6182,hud,bramblett,m,may 8 1986,azerbaijan,papaya_whip,grapes,windows,/bin/ksh,execute,896c885837d5ba7b768a4af1c03a820d  -
jl4182,jyaire,landis,m,may 15 1993,india,dark_olive_green,cherries,mac,/bin/bash,drop,702724ca321a6859a2d4453a031a430e  -
lk7535,lofton,kerins,m,february 15 1998,el_salvador,dark_red,pineapple,mac,/bin/bash,delete,5cd65c68b2bfd9f227d96147c28d7321  -
cs1163,chistopher,seelig,m,march 14 1991,british_virgin_islands,green,lemons,mac,/bin/bash,create,7f0b850caf86861948cacebe1ec5064b  -
jm3909,jerahmeel,micciche,m,july 25 1985,vietnam,blue_violet,blueberries,windows,/bin/tcsh,delete,f6c4fb121ffb749df09fedc7beebd7bb  -
ml2943,matt,linan,m,august 2 1985,guyana,dark_orchid,pineapple,mac,/bin/csh,select,35f201f47628e6a1478ad907ab305ec4  -
tm3562,trashawn,machuca,m,february 26 1995,japan,light_yellow,watermelon,windows,/bin/bash,insert,d2c1aead45d94ee4e00328e0a79a19ae  -
sa2940,scarlett,albino,m,january 14 1996,denmark,linen,plums,windows,/bin/bash,delete,85cf1f16a35ec5a92cebe87fa2ac1027  -
tt5286,trayce,tumblin,m,may 29 1985,denmark,cyan,blackberries,windows,/bin/csh,drop,87df1e1224fcfa993e7fbda2110326e6  -
zc7068,zeal,connell,m,february 8 1996,british_virgin_islands,dark_khaki,pineapple,windows,/bin/bash,drop,801cbae15cd9b3d6c64e3c1aa53baf2b  -
kb1083,kojo,brooking,m,september 14 1997,fiji,moccasin,grapes,mac,/bin/bash,update,7a21ebca2db465812954a6b230cc5760  -
kr5370,kourtney,record,m,september 3 1988,canada,dark_green,pineapple,mac,/bin/ksh,update,6923e2d27db9bf481ea25ddf3c7e503f  -
ko9866,khepri,ortiz,m,february 27 1994,liechtenstein,web_maroon,blueberries,mac,/bin/bash,update,1e68c978ec7bbf7c0878cfb6a5649eeb  -
tr4799,tovia,ragin,m,august 22 1990,azerbaijan,light_sky_blue,limes,mac,/bin/csh,execute,bc51ad7ed43dde944f3889c278f6afdd  -
ns6008,nnamdi,silvers,m,april 2 1995,slovenia,deep_sky_blue,apples,mac,/bin/csh,update,330f636c3c0a6cc1399ca58125f791f0  -
lb2095,luisangel,blackburn,m,october 29 1997,rwanda,pale_green,strawberries,mac,/bin/tcsh,create,5ffe24b8f03ff9db67417a953f77c78e  -
lt1286,leam,tinker,m,december 15 1987,rwanda,light_slate_gray,oranges,mac,/bin/tcsh,all,d70db5ed1560a4366d5a42688fbe21fb  -
ts8296,tyrel,sekula,m,april 20 1986,eritrea,blanched_almond,avocados,mac,/bin/bash,all,f4e6e09aad0f23b349753d22561f8a67  -
cb1864,callan,birkeland,m,december 14 1991,moldova,sienna,cantaloupe,mac,/bin/bash,create,278d56f84b864ad156f06c4f9b1d436a  -
tm3808,trayvon,mcvicker,m,april 7 1998,bosnia_and_herzegovina,teal,limes,windows,/bin/ksh,drop,abf2c46d3902b9c6c888cef3a57a024c  -
hm2491,hewitt,murphree,m,august 15 1995,the_gambia,thistle,bananas,mac,/bin/csh,update,e53160c2947f6503a4a107f53cd387c8  -
fb2923,fulton,burstein,m,august 15 1985,liechtenstein,khaki,blackberries,windows,/bin/csh,select,738a78a9fbc409e1f776e0eef4e4a349  -
dd4319,daris,danielson,m,february 12 1985,ethiopia,white_smoke,lemons,mac,/bin/bash,all,0d20be74859c341f9c21de16de93a27b  -
rw8593,ricardo,wedgeworth,m,may 1 1997,iran,papaya_whip,cantaloupe,windows,/bin/ksh,update,a0a8a86526403217420104a16902265f  -
ar7921,aslam,rooney,m,august 25 1989,denmark,olive,watermelon,mac,/bin/bash,update,9eda034fd5242ad2d2eafe5424ed200f  -
zc7682,zidaan,croskey,m,november 22 1999,kenya,dark_gray,apples,windows,/bin/csh,drop,72ba03e8cec060010844a10d5d3f2e40  -
mb6540,mackinley,berge,m,november 1 1999,north_korea,goldenrod,nectarines,mac,/bin/bash,create,c5c496593156823c34d6a496a6f7d3f7  -
dm9203,donovin,montgomery,m,march 4 1993,india,hot_pink,pears,mac,/bin/ksh,all,9fa69dfad42a67931b0551d0865e8de5  -
ls9367,leul,sieck,m,june 15 1995,djibouti,pale_goldenrod,pineapple,mac,/bin/csh,update,951974f92224fccc567910f7d7fcef63  -
jv2549,jahleel,vanburen,m,july 5 1989,cayman_islands,floral_white,grapes,windows,/bin/bash,drop,e43ba71e91116c87bcfb6af0b792c1bf  -
km9470,kipling,marro,m,february 3 1985,south_africa,chartreuse,raspberries,mac,/bin/tcsh,update,e5b901f185ba430f6092dd489716abe9  -
kt5993,konnor,tassone,m,april 2 1988,fiji,ivory,cantaloupe,mac,/bin/tcsh,all,1fcf465143a717f896f536fea115ecc0  -
zg9762,zac,gulla,m,april 6 1988,ukraine,dark_orchid,avocados,mac,/bin/bash,all,1c18f70a757b0b710a9bddf845805da0  -
mo6049,macaulay,ouk,m,july 11 1993,uzbekistan,medium_aquamarine,raspberries,windows,/bin/ksh,update,8b4a539ac8a7611d06bbcddddd5319d1  -
qm3155,quamaine,mennella,m,january 19 1993,pakistan,forest_green,pineapple,windows,/bin/tcsh,select,2bb2a664c481f6ae025048388f0a7379  -
nr7466,nile,radosevich,m,january 16 1992,morocco,dark_orange,blackberries,mac,/bin/tcsh,update,fbe1cebbd3569eae7abc67366a1da8f4  -
es3174,eidan,sachdeva,m,october 27 1996,barbados,light_yellow,bananas,windows,/bin/bash,delete,4fb6655875ace8af21a7ec4a38afd199  -
km2394,kennon,mcclusky,m,march 1 1986,angola,magenta,pineapple,windows,/bin/bash,drop,a5b9c517f5575d9f5a30b1ec175e3692  -
tp9002,toni,palmisano,m,february 10 1997,new_zealand,lawn_green,strawberries,windows,/bin/tcsh,select,f25e8a8bbea73a53d6a767868a5f6fea  -
be8354,bronxx,eyman,m,december 4 1997,chile,light_cyan,nectarines,windows,/bin/ksh,insert,c7e8b1dfb28efe44d5cb6ca2dae5e6c3  -
am9754,ashai,matheson,m,november 8 1990,guyana,dark_salmon,strawberries,windows,/bin/csh,create,6fc176c02326cc10c9337af71f55e714  -
hu5023,hiroshi,usery,m,january 26 1990,sweden,ivory,blackberries,windows,/bin/tcsh,create,3369a609901bd5ad6a97906d370f82ec  -
mc7401,mohanad,chenevert,m,june 4 1993,great_britain,dark_khaki,oranges,windows,/bin/tcsh,drop,93f24dfdb0d58af4bfc1519cef47860c  -
gm6768,gerardo,milholland,m,september 27 1995,tanzania,light_gray,apples,windows,/bin/bash,all,6cec361ed9c813e4e132bf1c5f4661e6  -
ap2963,arlan,phillip,m,january 10 1994,bulgaria,dark_sea_green,grapes,windows,/bin/tcsh,drop,4ee9d023c8c6d1949dc8bf7f0530f5a5  -
ac3699,ata,crawshaw,m,december 11 1989,peru,sandy_brown,watermelon,mac,/bin/ksh,insert,6f1c3ece996704c1f2380c904e6d8db5  -
mc2860,marwan,celentano,m,july 10 1997,vietnam,light_steel_blue,peaches,windows,/bin/ksh,create,9a0b30a106f41cdf0a4d70d4edf79eb7  -
cs6997,courtney,sargsyan,m,october 26 1997,samoa,lime_green,raspberries,mac,/bin/bash,delete,a6101f66e47757f2717cd512f5800a1e  -
as4599,arien,schwartzkopf,m,january 1 1992,namibia,lime,bananas,windows,/bin/bash,all,96225fb1c4717e486dd30b45c65892d1  -
sc6522,simir,carollo,m,june 16 1999,malaysia,white,pears,windows,/bin/tcsh,insert,ab4b789c6de2877b7cd66fabcca51b19  -
gs4973,geno,slough,m,september 18 1997,czech_republic,light_gray,bananas,windows,/bin/tcsh,drop,6e5b607e9979a80e0910e3f92b8aa09b  -
st1053,shivaan,tapp,m,august 20 1985,poland,aqua,nectarines,mac,/bin/tcsh,delete,c17d4ffeedd714ed8eb7e28b8d5ab774  -
aj4576,agustin,jolin,m,july 27 1999,spain,medium_violet_red,lemons,mac,/bin/csh,select,824cfe48ab0f6a8f5561309a1e5aa304  -
sq1579,seleem,quan,m,august 14 1996,jamaica,dodger_blue,blueberries,windows,/bin/bash,create,13ecc4206ff8dc97b8be78e527ad207d  -
hc7123,harsh,corning,m,july 12 1992,algeria,white,blueberries,windows,/bin/tcsh,delete,14730976128aa13caea9a76bdd6251dc  -
jp7902,jebediah,posada,m,june 16 1996,tunisia,light_salmon,apples,mac,/bin/tcsh,all,86af9aab34480821fc665b5d6376d7e3  -
fb6402,fadi,busse,m,november 22 1987,san_marino,papaya_whip,grapes,windows,/bin/csh,delete,2de86f19ac41176401101dc883bcc9e5  -
ob5417,odell,barwick,m,august 21 1999,hungary,snow,nectarines,windows,/bin/ksh,execute,f470104eff714b8232abb6ec6bbf4c5d  -
dg7156,devan,guice,m,september 27 1989,colombia,medium_orchid,pineapple,mac,/bin/ksh,insert,dcf4aae80192ab00f828437f75c786e2  -
sc9265,shalin,consuegra,m,december 4 1995,angola,red,apples,windows,/bin/ksh,update,06c6fa04e533f3980202c5f6262f2826  -
iv9571,irie,valenta,m,september 16 1988,egypt,dark_orange,nectarines,windows,/bin/tcsh,drop,4dc68f66adc4a19af527e65dc4e3155e  -
rr5021,rickie,rupe,m,may 3 1988,belgium,light_cyan,limes,mac,/bin/ksh,select,b5539df271a492575d8acce4a6ebc04c  -
cc8699,cort,cornette,m,september 13 1992,estonia,lawn_green,cantaloupe,mac,/bin/bash,delete,e8d6377a3c291e06a129a555e0b2ed30  -
ec6663,emarius,cureton,m,september 5 1990,poland,white,blackberries,windows,/bin/ksh,select,543202e734dcb2b767c7ce54427910a6  -
kf1843,kaisei,fagg,m,august 30 1985,israel,burlywood,bananas,mac,/bin/bash,update,97419a73c58ebfd69e48467280a1b7bd  -
rs5737,rohnan,speirs,m,february 9 1987,chad,indian_red,plums,mac,/bin/csh,all,b01df85392e63c181260c792ae2605a4  -
eb8502,eden,byrnes,m,september 25 1995,ukraine,blue,strawberries,windows,/bin/csh,update,342566a23da26375cca0665ff6f878df  -
rn4499,rambo,newnam,m,may 30 1992,south_africa,hot_pink,cherries,windows,/bin/ksh,delete,8d71b395a55430ed40036176ace1383a  -
dr3817,dameon,rainford,m,december 6 1985,canada,medium_turquoise,avocados,mac,/bin/csh,select,677651875ca4bb1f603aa2dc600f9e3c  -
cl6104,chetan,loewe,m,july 21 1986,new_zealand,dark_cyan,limes,windows,/bin/bash,update,8b105401b684f533fb27d49343ea1a41  -
tm2997,trevonne,marnell,m,november 17 1990,belgium,rosy_brown,peaches,mac,/bin/tcsh,insert,3e272ce3a453be015586a194ef744e75  -
al7542,adair,lunger,m,january 30 1997,ireland,light_blue,grapes,mac,/bin/bash,all,b3bd095a7d5bda4380428fc78c29a589  -
as8786,adyn,seybold,m,october 5 1993,dominican_republic,blue_violet,peaches,windows,/bin/tcsh,update,f6785d3a1ba30d8054d3255479e9494e  -
ca3216,christiano,amster,m,october 30 1991,nigeria,pale_goldenrod,strawberries,windows,/bin/bash,delete,5b80ca0d45a2d07c5675c1a37bf82d22  -
az9113,arryn,zona,m,february 12 1993,azerbaijan,cornflower_blue,apples,windows,/bin/bash,all,251731db1574a70c991d5e5444b16d0c  -
br5561,breccan,roff,m,may 21 1996,hungary,saddle_brown,cherries,windows,/bin/ksh,all,0383d521e8a52889c7bc0829038c6622  -
yc1145,yosiah,coghill,m,may 15 1985,netherlands,hot_pink,mangoes,mac,/bin/csh,execute,d228992ab3cb9bc955425f1d0137596d  -
yw9566,yishai,wimer,m,january 3 1993,egypt,pale_violet_red,lemons,windows,/bin/ksh,execute,0548b56d7828897186671a60380f61d3  -
rp6606,romero,parent,m,november 4 1989,united_states,rebecca_purple,apples,mac,/bin/bash,insert,73e6b77b22c7f1a4e6597f3937f18146  -
gt3890,gurshan,terrill,m,june 15 1986,morocco,magenta,avocados,mac,/bin/tcsh,all,2ec276e775eaa7cba5e3776ab0afe0d4  -
ac9161,audiel,caplan,m,september 7 1985,estonia,light_gray,lemons,mac,/bin/csh,delete,444988f92782f51cda15b2d12970858d  -
cg5808,christien,groner,m,june 3 1997,israel,indigo,limes,windows,/bin/bash,all,7e1316f39fa67ffa348514cd22f31140  -
bk8613,brennex,krum,m,november 13 1997,uruguay,lavender_blush,raspberries,windows,/bin/ksh,create,c44a4f4e0a3577a60d5e167a7fa57cff  -
kb9761,khabib,brayboy,m,october 20 1985,barbados,cornsilk,oranges,windows,/bin/csh,update,4775be784c2f5462793ed20becbba9f6  -
rt4902,rigdon,tonelli,m,december 14 1999,guyana,slate_blue,apples,mac,/bin/ksh,all,e217c6fb426acff371313338c4cbe8b2  -
mk4353,mayjor,kovacevich,m,july 11 1993,slovenia,coral,cantaloupe,mac,/bin/bash,delete,a272570c88fa87e2eeee72afeab1e268  -
at2748,aryus,talamantes,m,september 15 1992,new_zealand,medium_spring_green,lemons,mac,/bin/csh,select,d6f976f04758501628834009ed73a230  -
zt9068,zayde,timms,m,july 2 1998,colombia,lavender_blush,watermelon,mac,/bin/bash,select,14e4408f1b2900c2bac966f0b4a250b6  -
dw4646,divij,welden,m,may 12 1995,north_korea,dark_goldenrod,blueberries,mac,/bin/csh,select,77105074c75690badde3eba70e4fa62c  -
sa9168,syrus,aurand,m,november 8 1988,greece,light_sea_green,grapes,windows,/bin/ksh,select,7710470b9ea451eb0b579a1b7a257da6  -
id8471,issam,dobyns,m,january 23 1986,luxembourg,firebrick,raspberries,mac,/bin/ksh,drop,ad8deaaec5e709aa25fa9c6722485611  -
nh8806,nahim,hodson,m,february 12 1995,chile,medium_blue,blackberries,mac,/bin/csh,insert,a188b2d27d37ec70b48b947e79e57760  -
aa6503,ahkeem,aaron,m,july 22 1985,chinese_taipei,tan,bananas,windows,/bin/ksh,select,baec33b2597b568e7a3474ad2cc73515  -
rf1254,rozae,flanery,m,august 26 1990,japan,chartreuse,cherries,mac,/bin/bash,create,1c81f09bd256e5b79ac7c9f9d899be2c  -
jl5027,jhamir,lopata,m,december 6 1998,ireland,medium_spring_green,cantaloupe,windows,/bin/bash,insert,b0c141374db798baaf1821d661804962  -
js1862,jones,serratos,m,november 26 1993,india,medium_turquoise,blackberries,windows,/bin/tcsh,create,7e1346c1be3152989a1af73b52ff0603  -
lc2549,lionel,claar,m,april 30 1995,barbados,dark_sea_green,pineapple,mac,/bin/csh,update,7b778be130770ecf24d9df62a0930aca  -
dv7312,davie,villagran,m,september 17 1990,qatar,dark_magenta,apples,windows,/bin/bash,all,883ed80393f653645816bc41c2b42d8b  -
zg5751,zameir,grimmer,m,november 19 1999,united_states,maroon,pears,windows,/bin/bash,create,aff0b69a9f21b0f39e4881f0b2ad93dd  -
jm5454,jaccob,manganiello,m,march 10 1994,croatia,pink,pineapple,mac,/bin/bash,delete,fa63179d26f444b542969de97cdaa437  -
gp8006,gabriele,pitsch,m,december 19 1985,spain,cyan,raspberries,windows,/bin/csh,execute,e8326ca8dde70ec81ef2ef7afa15fd3f  -
ss9026,sarvesh,seifert,m,april 28 1992,portugal,indigo,mangoes,windows,/bin/bash,execute,9fd32d06a5d0e5a6c9d70840210ee352  -
hu6822,hani,unser,m,march 20 1996,rwanda,lawn_green,cantaloupe,mac,/bin/csh,all,415e7bb3f21d7e7950b71361069e2715  -
sd1555,shylo,dorrough,m,october 16 1991,israel,light_coral,apples,mac,/bin/bash,all,500ffeb46197c81a17267e529e6ca8d5  -
sw6951,saqib,wisdom,m,february 5 1991,latvia,sienna,apples,mac,/bin/ksh,select,b3dd3ab3b3396da2cc50211500251341  -
rd2007,rutvik,darr,m,may 24 1994,slovakia,rebecca_purple,avocados,mac,/bin/tcsh,update,dffe9eea3d79692a43148c17d75da054  -
db9787,dacari,burruel,m,october 3 1990,hong_kong,dark_cyan,blackberries,mac,/bin/ksh,drop,0ffd450738b57be55b0a9e1a530bf41e  -
cc3270,curry,culkin,m,march 14 1986,ivory_coast,dark_slate_blue,blueberries,mac,/bin/bash,update,fa999bae24a67fcdcaea05b2ad3a9b13  -
jh6774,jaidin,hudman,m,july 22 1991,liechtenstein,firebrick,blackberries,windows,/bin/csh,execute,f89d73958ee9fcf0353cbc765bae2f70  -
fg8497,flavio,gutman,m,april 22 1994,denmark,mint_cream,strawberries,windows,/bin/tcsh,create,47f0a89ee272ada6c390b38a206e77ec  -
kg1574,kim,gayheart,m,october 22 1996,burundi,light_cyan,blueberries,mac,/bin/bash,drop,6c5f0277c3d536658353ea10b287b08f  -
mb6339,mose,bauguess,m,december 25 1995,kazakhstan,royal_blue,apples,windows,/bin/csh,delete,ce3eca573503c015947c09b11375196e  -
sl3379,soham,little,m,september 9 1999,grenada,cyan,strawberries,mac,/bin/bash,create,d0caa6a3b582496c421277d6c991e490  -
os4857,olen,siders,m,may 23 1996,latvia,green_yellow,blackberries,mac,/bin/csh,delete,5de9ee5383e7cf742001b8931ad0c400  -
nb2021,nahlij,barreto,m,september 10 1994,ecuador,dark_orchid,limes,mac,/bin/tcsh,all,8ae9400a4974af428ea1a6bcb90eab36  -
mg3495,mauricio,garry,m,june 13 1995,north_korea,spring_green,avocados,windows,/bin/csh,update,3a91a4c294726fe3c903fe0f30535c36  -
ms2280,mirza,skates,m,march 30 1995,kenya,slate_blue,plums,mac,/bin/tcsh,select,b1de962ffe5c1934e3dd5abf8b54635b  -
hs9078,helaman,salzano,m,september 13 1994,zambia,moccasin,strawberries,windows,/bin/bash,drop,291bc7b22e2fc3fe60184e2d44ae80e1  -
fs9484,finesse,servellon,m,october 23 1994,morocco,white,nectarines,windows,/bin/tcsh,drop,2c667b1707be8d45587dcaae236d6ed6  -
jj3433,jailon,jurek,m,april 1 1999,vietnam,cadet_blue,cantaloupe,mac,/bin/tcsh,select,e44de503aa56c47e141b9f6fce167eef  -
od5865,owenn,driver,m,october 21 1998,angola,moccasin,plums,windows,/bin/ksh,delete,63f7806cfed689570b1aa445f41429d1  -
lg7344,landrick,goldsmith,m,january 18 1998,uruguay,floral_white,watermelon,windows,/bin/tcsh,create,c54bb11138cebeb61bdfaea3c6630865  -
hm9751,hamidou,mcgowan,m,october 30 1987,switzerland,honeydew,pineapple,mac,/bin/tcsh,insert,77040329fec549fcb95799927399cee4  -
md9795,maclan,dumm,m,may 1 1985,eritrea,light_cyan,nectarines,windows,/bin/bash,drop,d105a8afb210b985eeeabb87abbf8c05  -
im1416,iniyan,mahadeo,m,april 26 1997,cyprus,medium_spring_green,bananas,mac,/bin/ksh,delete,5def9b6a30cef7519654f4198386437c  -
de7684,doc,eastep,m,september 16 1987,russia,hot_pink,pears,mac,/bin/bash,execute,e09873df54e999ba443041e4fb4f94ba  -
ea4369,erich,adkisson,m,september 11 1997,new_zealand,navy_blue,oranges,windows,/bin/bash,update,f4213954a9a7c18d52e1054cf7aa3705  -
ko6018,keanan,orrego,m,may 23 1996,tunisia,chocolate,nectarines,mac,/bin/bash,update,c4548d63e628ed77d9edb343a6c0d043  -
zb4815,zisha,baumann,m,january 6 1992,moldova,dark_turquoise,limes,mac,/bin/ksh,select,9b6b1b4a16f0513f7b72c2b747f7bf44  -
sh4905,shanav,heroux,m,january 1 1993,serbia,teal,raspberries,mac,/bin/ksh,select,b4cc7338c5ff9921903bfadef651c467  -
kf8158,kiyen,florida,m,january 28 1994,rwanda,navajo_white,blackberries,windows,/bin/tcsh,select,500f46c5dddcb5f0abaf848811788eb8  -
yf4055,yahshua,fitting,m,december 21 1991,barbados,olive,plums,windows,/bin/tcsh,update,d26d9720574406af5d84e65139bcf737  -
da9246,dragan,ashworth,m,february 14 1988,puerto_rico,chartreuse,lemons,windows,/bin/ksh,drop,341b0b986bc8d35491d3817adf1465ae  -
mt2384,maysin,terwilliger,m,march 22 1993,moldova,gainsboro,pears,windows,/bin/ksh,delete,522e3d67fbf5c780db14c00fcb309277  -
hs9283,hamir,schissler,m,may 12 1986,portugal,maroon,pineapple,mac,/bin/csh,create,b51bd80031dba745b1a72b9106c8c171  -
id4754,isahi,dugger,m,october 6 1986,austria,pale_turquoise,mangoes,windows,/bin/ksh,execute,b4e244947c109e180c404197018594d9  -
kl4905,kieran,lakatos,m,july 24 1992,grenada,steel_blue,bananas,mac,/bin/bash,create,51bbec1d5f4afaa0b41b112662f09430  -
ks6327,kache,squire,m,november 22 1985,costa_rica,dark_olive_green,blueberries,windows,/bin/tcsh,all,26e2369309fab63ee3138554b304582f  -
lb7245,leven,broadnax,m,april 2 1989,barbados,dark_khaki,watermelon,mac,/bin/bash,drop,3352d4415847673e86ec09ece8064ed8  -
gv7678,grady,veneziano,m,august 13 1987,pakistan,beige,mangoes,windows,/bin/ksh,create,cde5441b6e8b3c8c8d272a3c84bf67b4  -
sw5088,stryker,woodley,m,october 18 1987,puerto_rico,blue_violet,oranges,windows,/bin/csh,update,ba4d9836d71fab21d6fa04b5c7021f63  -
cd9453,caileb,disney,m,january 27 1995,the_gambia,dark_khaki,peaches,windows,/bin/tcsh,drop,c3973e612aac7521f4a372681e68ced9  -
dl6763,dreden,lahman,m,february 3 1997,ivory_coast,wheat,limes,windows,/bin/tcsh,all,5711b89a1fef6d0def600fed9c37a9a1  -
dp3703,dakotah,pete,m,april 29 1999,malaysia,light_goldenrod,bananas,mac,/bin/bash,delete,178cec0e9029d866b266dbce57236f7e  -
jz9757,jasiyah,ziemer,m,july 30 1986,ukraine,orange,blueberries,mac,/bin/csh,create,ff6e098e6905d80ee65e5d0a859d8e1e  -
je4867,jkai,edmundson,m,february 18 1988,venezuela,steel_blue,plums,mac,/bin/csh,update,52105b46728c3ae61512fbbb05e728dc  -
ek9004,eker,kaley,m,january 16 1987,sweden,wheat,cantaloupe,mac,/bin/ksh,insert,914d2524430430650555d6d0f27b6f50  -
cw1346,candler,wilmes,m,april 2 1992,barbados,gold,avocados,mac,/bin/tcsh,create,c4f4c2c6fc5d9166857efee203f763ef  -
se8396,shuaib,eddleman,m,may 24 1991,niger,dark_gray,blackberries,mac,/bin/ksh,update,7c7976b41daf4bd574823fb7f1bc1ae9  -
ar2318,arda,regnier,m,march 5 1992,slovenia,dark_sea_green,apples,windows,/bin/ksh,all,1ffd4800ac57533c3357056aa4c949fc  -
gf2789,gaige,flemister,m,december 11 1988,thailand,firebrick,strawberries,mac,/bin/csh,insert,53da5385980ee86668283df3b9672ca1  -
lt8149,lochlann,tinkham,m,june 7 1987,china,ivory,plums,mac,/bin/csh,select,cc10d4e6d957d6bb44d0755fa9f2ba3d  -
oc9184,oakley,cao,m,january 20 1988,luxembourg,web_gray,pears,windows,/bin/ksh,execute,535da879e3d0f173dde9fced86d15732  -
kg8201,kekoa,grear,m,september 17 1988,sweden,rosy_brown,apples,windows,/bin/bash,insert,3d301e164dfb66450bbb05aa6e0b46a0  -
lf2984,ladavion,fallen,m,march 18 1988,iran,powder_blue,mangoes,mac,/bin/ksh,drop,1aafc4b1c88e5213afead947539932cd  -
js9527,jajuan,swales,m,august 9 1990,poland,dark_blue,cherries,mac,/bin/ksh,select,f99a16274d0bc27c41b14662e5625d0c  -
cr8878,chilton,richeson,m,january 4 1997,dominican_republic,bisque,cantaloupe,mac,/bin/tcsh,delete,1bff4fed86f0fd7dc29087abb8b4e71c  -
kb5822,kylynn,beardsley,m,september 28 1985,algeria,maroon,cantaloupe,mac,/bin/tcsh,select,a56469e7ca9de075b34e66771dc6d072  -
kw7570,kayon,wiggs,m,august 27 1992,algeria,floral_white,grapes,windows,/bin/bash,all,abe395f397b0553d8b8683c868bcf007  -
jb9278,juanpablo,bradwell,m,december 14 1985,angola,plum,cantaloupe,windows,/bin/ksh,create,32c8c36687e2849804b2014ad2d0e694  -
js1748,jakayden,swensen,m,july 4 1997,brazil,light_sea_green,pineapple,windows,/bin/bash,delete,64cf49bba811a641853678c2cf72a722  -
co7063,chikamso,ohaver,m,april 8 1990,egypt,rosy_brown,oranges,windows,/bin/tcsh,select,323fa0012b8bebae58ee3643ab6b0a3e  -
af6126,abhi,figueira,m,october 11 1999,grenada,pale_green,apples,windows,/bin/csh,all,eccafbce3eb52062d4760958f78df556  -
ls5467,lander,sauber,m,july 15 1992,russia,silver,oranges,windows,/bin/bash,execute,3544028f6f3da9d1ecf9fec3bc5f9729  -
zl9824,ziquan,lydick,m,may 6 1990,mexico,old_lace,blackberries,mac,/bin/ksh,drop,978919d97732091ca7beda7a806bc27e  -
cg3092,christoph,go,m,november 7 1992,iran,crimson,watermelon,windows,/bin/bash,all,04099e0dfe8d61b5eb3ff85dc279351a  -
bd7184,bennie,delariva,m,march 15 1994,albania,indian_red,apples,mac,/bin/ksh,execute,fd0ebc718c84766f9ac07d35e249ffe8  -
ew9740,eldar,wireman,m,september 19 1993,mexico,gainsboro,blueberries,windows,/bin/bash,drop,22212099d1952f940efca3b9bd49e281  -
vd4460,vernon,dones,m,june 24 1991,nigeria,silver,mangoes,mac,/bin/csh,delete,2457bb05cacf21f988858f7b09a800ea  -
fk8121,fuller,keo,m,august 9 1992,pakistan,slate_blue,limes,windows,/bin/bash,update,62b4e7f07a9b56f6d33652cab9ec10b4  -
rw5052,rennick,womer,m,december 19 1999,philippines,azure,avocados,mac,/bin/csh,insert,9eee00e7d57a0ca354f36409bb482eec  -
ew9403,eduar,woolman,m,march 11 1996,djibouti,medium_purple,pears,mac,/bin/csh,create,34d6ec8286c2312171af4f3fc756e6ff  -
ph2131,pieter,hazen,m,january 5 1993,hungary,medium_turquoise,limes,mac,/bin/ksh,drop,8b38df51e752be4239d169bbd1fe2ee4  -
fk3727,fawkes,kash,m,october 15 1987,cayman_islands,medium_sea_green,lemons,windows,/bin/csh,update,31f0af1cc511be8a442ba03c191ceac3  -
ms2123,master,suh,m,may 2 1997,puerto_rico,medium_orchid,mangoes,mac,/bin/bash,delete,34f93333d1752051101d57bb8347ae30  -
jg9131,juaquin,gros,m,september 25 1995,chile,lavender_blush,pears,mac,/bin/csh,update,90cb07de7132fc64c17811af65a37a88  -
ky4804,kinley,yost,m,april 13 1985,australia,blue,blackberries,mac,/bin/csh,create,12dc52ad6c922fd84514c735e9d57c69  -
sh1929,skyler,honda,m,january 30 1991,russia,peach_puff,plums,mac,/bin/bash,all,16ff584ef3e42b1688cb8bde14af94f3  -
js6821,jun,sheesley,m,may 13 1991,netherlands,sienna,blueberries,mac,/bin/bash,execute,0554828dab66f79e406ce27d1caf8e9d  -
to5136,tyde,overholser,m,march 10 1997,united_states,indigo,pears,windows,/bin/csh,create,c65c3dd2f51be3f7c945f5bb717e5fa4  -
tg1761,tyler,gigliotti,m,january 25 1992,cuba,medium_spring_green,plums,windows,/bin/csh,all,e105886daae762bac41fdcbbfc8b1fe1  -
ja9771,jayvon,arneson,m,september 20 1994,france,dark_red,mangoes,windows,/bin/tcsh,drop,256be1d341e4cad03e7512e859df2b93  -
mg4399,montell,gavidia,m,march 21 1985,north_korea,medium_spring_green,cantaloupe,mac,/bin/ksh,create,cb39009c253512cb819d3d42bc43f35d  -
km4875,koi,mcdevitt,m,january 21 1990,grenada,medium_sea_green,strawberries,mac,/bin/tcsh,drop,1974060315a6efd14594d82d7af7b3aa  -
yg8337,yuchen,grover,m,october 16 1990,portugal,orchid,blueberries,mac,/bin/tcsh,update,93ad599a1c194564f0109aeb2aaa0607  -
dc2317,deigo,craun,m,november 17 1986,chinese_taipei,maroon,nectarines,mac,/bin/tcsh,insert,c15e161504017e91ed70ba1030997c85  -
rk2296,raylan,koehler,m,may 1 1987,ethiopia,medium_orchid,pineapple,mac,/bin/bash,select,fdfcb59f068496c44bfb172b2efcda6d  -
mw3508,maddox,whipkey,m,january 28 1996,morocco,gold,pineapple,windows,/bin/ksh,all,7251da28214bbfbe52ae44b10431fbd0  -
ef4457,emrick,flower,m,september 16 1988,australia,light_steel_blue,plums,windows,/bin/ksh,all,ed7f57feb2465efa251832e656627c4d  -
nc8194,nyjah,cutlip,m,october 10 1985,indonesia,pale_turquoise,nectarines,mac,/bin/bash,insert,17826f4a1944e677060d4cc9f9514914  -
kh1141,khalon,husbands,m,february 24 1985,singapore,green,cantaloupe,windows,/bin/tcsh,insert,a21e11b5a3b82fb3c53121be449ce5e2  -
ds1862,domanick,southwell,m,may 11 1997,south_korea,cornsilk,oranges,mac,/bin/tcsh,execute,8f693999bb453a3c0c652d53c64490ad  -
ta9903,tysir,archer,m,august 25 1988,france,snow,raspberries,mac,/bin/bash,execute,4286e433684cccf81d9b0ca1991a8734  -
np3813,nieko,prewitt,m,september 15 1990,italy,light_green,plums,mac,/bin/ksh,execute,d67c5bb32931d7a8ef78af7a83589919  -
hh2816,hyder,hearn,m,may 26 1998,iran,cornflower_blue,bananas,mac,/bin/ksh,update,b87c2c49af75c7be5caeecb338cb467a  -
jp8442,jonnathan,philhower,m,november 30 1987,venezuela,light_goldenrod,pineapple,mac,/bin/ksh,all,759772b410f4627727efee95f905cdc7  -
rb1747,rivan,bruneau,m,may 25 1990,uganda,forest_green,nectarines,mac,/bin/csh,drop,45ea78b10c136e5dd7c0a16f867a054a  -
zl1593,zane,lamorte,m,november 18 1990,cayman_islands,dark_khaki,peaches,mac,/bin/tcsh,update,47a075e4e1442cebeac699de1056e138  -
jb9794,jona,barcus,m,august 17 1986,romania,firebrick,nectarines,windows,/bin/ksh,select,2455c3adbb00713609f0365eb98e7e29  -
sk4911,syre,kunzler,m,march 26 1993,denmark,honeydew,strawberries,mac,/bin/ksh,update,43ad6875e47b752847e48c926cf094f6  -
so4317,shyam,overstreet,m,january 26 1996,bahrain,dark_magenta,limes,mac,/bin/csh,select,f62ab3fdb04dc3b1be25581024da8280  -
ls9342,lochlan,shawn,m,november 21 1988,uganda,teal,grapes,windows,/bin/ksh,insert,7421f04d34ef2b9d3bc409a9346c8a5c  -
rd5297,rayshawn,dabney,m,december 28 1997,chinese_taipei,violet,avocados,windows,/bin/ksh,insert,a4cdf9663a53c7cf7a8cdde9bead668e  -
ec6246,elyjah,cha,m,december 8 1990,argentina,floral_white,avocados,windows,/bin/tcsh,drop,3192656246de1a907b97eaeea75bc71b  -
as4892,abass,stangl,m,may 11 1991,hong_kong,dark_violet,cantaloupe,mac,/bin/ksh,delete,d4be4ffea6f3e2feeb4f867117c1bd8f  -
rm6334,ryland,mccourt,m,june 16 1985,qatar,white_smoke,blackberries,mac,/bin/tcsh,insert,94092aab6987bc8ceaefad68ff33a78e  -
sp5718,sander,powley,m,july 25 1987,luxembourg,coral,raspberries,mac,/bin/tcsh,select,36ffcafc0819298640a5d41ea4c5c84d  -
dj2254,derwin,janiszewski,m,march 3 1992,san_marino,white_smoke,avocados,windows,/bin/tcsh,update,62b2915fa3c1a132a4e0948961e93965  -
zk1470,zykeem,knudsen,m,february 16 1997,trinidad_and_tobago,gray,limes,windows,/bin/bash,all,cdc1e3135e7b9c626cb1d9c603950ae2  -
mc3275,maijer,carle,m,may 3 1999,peru,forest_green,mangoes,mac,/bin/ksh,execute,d9639a3ffd9493ea270420c243b140ae  -
ab5830,aizen,bartolomei,m,january 22 1998,albania,web_purple,peaches,mac,/bin/csh,all,ea35b1648a9088f1413deed22bb03850  -
bl9660,braxson,lepe,m,january 1 1991,belgium,navajo_white,lemons,windows,/bin/bash,drop,ca34eb6d028e88896d27d0583d696d82  -
kg7329,khayden,gomillion,m,march 25 1990,north_korea,light_blue,avocados,windows,/bin/bash,select,ff402b083a0d223bf2c479f996dc8afa  -
jh7978,jahvier,hanson,m,march 24 1987,albania,dark_orchid,grapes,mac,/bin/ksh,insert,8483148741dba08a921672dee1a67c53  -
rm9478,rogers,mourad,m,january 7 1996,chad,gold,avocados,windows,/bin/ksh,drop,7088203fa26d05365a47b92427f92959  -
ro9572,raphael,om,m,march 28 1999,belgium,deep_pink,cherries,windows,/bin/csh,execute,bb28a157a4c9bd158fbec6b3d49872af  -
qa2973,quint,armand,m,october 16 1988,liberia,chartreuse,grapes,windows,/bin/tcsh,update,cce601624206f0d6267bfc645aecd2f3  -
ac7790,abednego,cayo,m,february 9 1989,india,medium_aquamarine,oranges,windows,/bin/bash,select,3d171fbb8d5d7c02410f9d4e64ff439f  -
jt5752,jafet,teves,m,september 2 1998,bosnia_and_herzegovina,snow,peaches,windows,/bin/csh,delete,74d543271a1cde9991df86980c26181b  -
as5166,avryn,scroggs,m,july 15 1998,sweden,peach_puff,cantaloupe,mac,/bin/ksh,select,f0eeef161c54ce22a73d1ab18c7f5744  -
ms5943,mycah,shreffler,m,july 27 1998,angola,maroon,grapes,windows,/bin/ksh,all,caefa49e0cfd346c02ed4746cdfcf00b  -
ac7258,amrit,contrera,m,july 30 1992,algeria,violet,bananas,windows,/bin/bash,execute,efbfda87a4b03416157d2398041ed1b2  -
br3042,beckam,retzer,m,december 7 1999,czech_republic,slate_gray,mangoes,mac,/bin/csh,insert,79239e75045f52475a1eeada3874830a  -
le5031,lexon,eichenberger,m,june 22 1994,argentina,spring_green,watermelon,windows,/bin/bash,create,3908cb5274d3038c533710a7b4ce2fd5  -
ch8718,cartier,hallum,m,april 19 1998,switzerland,medium_spring_green,mangoes,windows,/bin/bash,create,98053545258f33df102603cc38ed2bff  -
lv5094,lenoxx,vannest,m,september 4 1993,guatemala,plum,mangoes,windows,/bin/tcsh,select,09526f683eecb277232b3177f06742be  -
rm7096,ransh,miguel,m,september 18 1995,ghana,floral_white,avocados,mac,/bin/csh,update,d741854e939cdf9025a85f9e5ea069f2  -
rm9433,rishab,minns,m,september 21 1991,moldova,sky_blue,apples,mac,/bin/bash,create,2216c401775a7a3bda8f76333d09e12f  -
jo2805,joseph,ortegon,m,june 5 1986,uruguay,yellow_green,pears,windows,/bin/csh,delete,29b2eb57aad2df596e4101e139b4a392  -
hw1114,harith,wadley,m,june 2 1992,slovakia,dodger_blue,avocados,windows,/bin/csh,create,97b453842d0b61b158e0156f819d9802  -
jm1279,jove,mastin,m,january 13 1989,hong_kong,dark_salmon,pears,windows,/bin/csh,update,6ef712f25e73c9e59bd14f5667aa392b  -
zs6904,zacharius,sabato,m,december 21 1986,albania,ivory,pineapple,windows,/bin/tcsh,execute,62230ded9d3f0b20df6f12c9374d4246  -
jp8242,jakin,porco,m,february 11 1999,switzerland,hot_pink,limes,windows,/bin/tcsh,create,a2db430953939eb2f687e918bee2a601  -
ck4685,cyncere,kampa,m,september 25 1988,poland,crimson,blueberries,windows,/bin/bash,all,c101f1b9f98126f297b3c4b53e5b4528  -
cg8749,conrado,gartin,m,april 28 1999,norway,medium_sea_green,peaches,mac,/bin/ksh,select,0f6f321f387406811a24519b961f7795  -
rc3893,rodrigo,coloma,m,august 10 1995,british_virgin_islands,old_lace,apples,mac,/bin/bash,all,20dd2fd8e840ac9b7a4c36c077fb158c  -
yt1726,yehonatan,tarbox,m,july 9 1993,guatemala,dark_magenta,watermelon,windows,/bin/bash,create,748fdbdc555da9b17dff350674edfa00  -
ts6968,tayyib,sowell,m,april 6 1996,bosnia_and_herzegovina,white,watermelon,windows,/bin/tcsh,execute,40a8bb68e5dc3016b282d81e5271b329  -
zr1816,zakkary,rotz,m,november 9 1999,australia,dark_green,grapes,windows,/bin/tcsh,delete,c5669aacca1c05366c1f6a881886e0a8  -
jw4937,jayce,weyrauch,m,july 20 1998,qatar,dark_magenta,cantaloupe,mac,/bin/ksh,select,c11db95256c2dabd15105826996619bd  -
dp4597,daoud,puskar,m,august 2 1987,iran,crimson,plums,mac,/bin/tcsh,all,f2f9fbb05c08579fab3911abf9d1c5ae  -
sk1377,sael,killpack,m,may 11 1994,cuba,orange_red,mangoes,mac,/bin/csh,insert,1b4df245008302bf9d322cb8c94bbfc4  -
ag1841,airam,germain,m,april 4 1986,nigeria,lime,plums,mac,/bin/csh,delete,d3375925cfb09c96792e63341e16cc28  -
rc2964,rosario,capper,m,march 29 1985,great_britain,dark_olive_green,grapes,windows,/bin/bash,drop,a99ec9c2d1f04a69afa5c753aaa8ce88  -
te1728,theodor,eyster,m,march 21 1985,slovakia,light_goldenrod,raspberries,mac,/bin/csh,drop,59dee2674b2098653f11da46219eebb7  -
rr6124,rithik,rumple,m,june 25 1994,djibouti,medium_blue,avocados,mac,/bin/csh,all,9438fbefe182b07647dc683b33e91ef6  -
jw1651,jakhi,withee,m,may 17 1996,norway,dark_green,lemons,mac,/bin/csh,drop,707b3210ce93d7ff1a8214c0b3c7018b  -
mw9820,momodou,warman,m,august 22 1994,peru,tomato,mangoes,mac,/bin/bash,insert,901f2015d9c7e90141820fd11f9e135a  -
od8495,omario,dessert,m,may 5 1999,djibouti,medium_sea_green,watermelon,windows,/bin/bash,execute,eff94cb8bd455c22330a4a3078254c4b  -
ag4475,arvind,gravel,m,june 21 1991,morocco,light_blue,pineapple,windows,/bin/tcsh,update,174eac1cbe5fb1e7b5dbbc425514d9f9  -
ss2156,sammy,sipes,m,january 21 1995,fiji,light_pink,nectarines,mac,/bin/csh,insert,12f30c6752524cb76676eec9c23eb0c3  -
bs2954,brook,skelton,m,march 3 1989,czech_republic,misty_rose,grapes,mac,/bin/csh,all,ccb0b022d9afb28e8f0f75a7072fd8f4  -
cc4415,clayten,chalk,m,november 26 1998,india,thistle,lemons,windows,/bin/tcsh,all,fd47251142be8538fd13942577d7d885  -
ab1669,azlaan,barrs,m,january 8 1995,sweden,medium_blue,oranges,windows,/bin/csh,insert,7667a9c024bfe965334a0460989d166c  -
ff8913,fenix,fulkerson,m,september 9 1996,cayman_islands,dark_olive_green,pears,windows,/bin/csh,select,32327f913dbdf4222295a26d2189de7e  -
jn5169,josef,nations,m,january 28 1995,chile,coral,pineapple,windows,/bin/tcsh,insert,e9bddd7b5c50ce20e4bbda953c0d8c12  -
kl9224,kumar,lippold,m,august 2 1997,denmark,olive_drab,bananas,mac,/bin/tcsh,drop,6e105eb6cef4e38e95a1d1a2b6066df0  -
ja3359,jaziah,alcantar,m,december 7 1993,canada,antique_white,limes,mac,/bin/bash,create,2a19884a290d32bf166da3b7272f52ef  -
ss9816,saban,sedlock,m,march 21 1997,russia,light_slate_gray,avocados,mac,/bin/tcsh,select,f3a93114a4512f122edd2b4273732123  -
rn5896,romere,nickell,m,september 11 1992,uzbekistan,forest_green,blackberries,mac,/bin/ksh,drop,b760cc0fe0bae2e45eda148c47b5ff66  -
zm4738,zeandre,memmott,m,september 10 1985,ivory_coast,medium_spring_green,mangoes,windows,/bin/ksh,execute,769d020a19fca53ea6ae599a21d63d69  -
wv3818,waris,vanderwall,m,february 11 1996,iceland,saddle_brown,cantaloupe,windows,/bin/ksh,drop,deabcc25f52f35687e747dd9e8a91e50  -
mm5324,millard,mirabile,m,march 7 1985,indonesia,tan,blueberries,mac,/bin/bash,update,36d30caba4f21e263e8f80efcdc65a24  -
ih2076,iosefa,hollin,m,september 22 1997,finland,orange_red,nectarines,mac,/bin/csh,drop,202006684786cdf04731c8a296f5eed4  -
am3189,ayaz,mickelson,m,april 24 1992,romania,dark_orchid,blueberries,mac,/bin/csh,all,e73d9f397c2a2ea96d303cca324f5fdb  -
ng1717,nikoa,guereca,m,april 25 1985,ivory_coast,dark_sea_green,avocados,windows,/bin/csh,insert,0b8af579c5313c9bc605fc6c8b1e5993  -
ks7529,kingson,strawn,m,december 27 1985,burkina_faso,saddle_brown,mangoes,mac,/bin/bash,insert,38c586c43b4a2548e5414f67ed0b47de  -
cp9246,copper,parkhurst,m,january 29 1989,romania,orange_red,cherries,mac,/bin/tcsh,create,3e2b086e9cb86e7eadccf6cd80b35910  -
nb5435,nyzier,beshara,m,may 10 1992,ukraine,royal_blue,strawberries,windows,/bin/ksh,create,11d359a154cb99754f66ae8ce09e8252  -
sc4493,sameer,campisi,m,january 25 1996,niger,medium_blue,plums,windows,/bin/csh,drop,c9287081b0aa4e392daf79116b92bd25  -
td1183,terrance,degroff,m,january 5 1985,russia,aqua,blackberries,windows,/bin/ksh,update,49dbcc39d9c7d325a9b6ccc0269513aa  -
ch6975,criss,hallstrom,m,february 17 1986,liberia,blanched_almond,pears,mac,/bin/csh,select,8d735ced46d70cc11d5fcf0d0ad2c2f8  -
di9917,denzel,irizarry,m,june 25 1996,ireland,khaki,strawberries,mac,/bin/tcsh,execute,4bfe159e4f2b5d79ed7f064dc42361ba  -
bg1709,blayne,germano,m,december 11 1998,grenada,lawn_green,blueberries,windows,/bin/tcsh,delete,8b01a4cf62816a282f475ea405b35bc4  -
bf5337,broox,fiene,m,may 29 1996,chad,pink,pears,mac,/bin/bash,create,bf914f4107ed52eaf759faa724300938  -
pc5177,phabian,carchi,m,september 10 1989,san_marino,medium_sea_green,mangoes,mac,/bin/ksh,update,261945c786569ed210ec53ebae4a5ae2  -
kl7835,kenechukwu,lagomarsino,m,april 21 1994,liechtenstein,chartreuse,bananas,windows,/bin/tcsh,create,43d543c9650146f04d0c686ae9d6ab5d  -
or9624,olaf,rini,m,march 20 1991,samoa,wheat,strawberries,mac,/bin/tcsh,execute,b9cb03a73fcc6bc49f89996830a266e0  -
pk5998,pike,kassner,m,may 21 1993,ivory_coast,sandy_brown,grapes,mac,/bin/tcsh,drop,d4e857be3979b0ab0828795d6ae17e0b  -
zb9959,zayquan,bleeker,m,august 2 1990,united_states,lime_green,blueberries,mac,/bin/tcsh,all,bac236f512c3c0e725b537dae37f841c  -
ka4181,kruze,arden,m,april 4 1985,poland,medium_purple,pears,windows,/bin/tcsh,delete,f471449fb82f5380481a1aee32a9f890  -
zf6740,zay,fellman,m,october 1 1992,sweden,ivory,nectarines,mac,/bin/tcsh,select,568e38c2003e249ed0bf2a1f0d808880  -
lw4433,laverne,wait,m,november 1 1993,tunisia,light_green,pineapple,windows,/bin/ksh,create,dfa18f2d219c14764b9a08376295ab05  -
rc3727,rameir,coutts,m,february 25 1991,israel,rosy_brown,peaches,windows,/bin/csh,update,56fd626b932841c56e46cbb536823f3d  -
hs3425,henryk,stueber,m,december 18 1985,the_gambia,old_lace,strawberries,mac,/bin/csh,execute,a382d223321b472be9537b5f2856d884  -
sp1686,shraga,panuco,m,september 11 1999,tanzania,crimson,pears,windows,/bin/tcsh,execute,4393c5ae62641013be5de650d3f93c2b  -
vb8330,vahn,borrero,m,january 7 1997,malaysia,dark_violet,limes,windows,/bin/csh,select,9d70f13cbbdd61571f5742c54971e458  -
wl2586,waverly,lizardo,m,november 21 1999,cayman_islands,navy_blue,blackberries,mac,/bin/ksh,execute,83b4bd68030156829f8a3ac907f400f3  -
dp6736,dawsyn,pierotti,m,june 7 1998,poland,peach_puff,lemons,mac,/bin/ksh,create,5635b992dbdcc883a63709f5a93a9d3a  -
